Treatment;Day;Replicate;Peak1;Peak2;Peak3;Peak4;Peak5;Peak6;Peak7;Peak8;Peak9;Peak10;Peak11;Peak12;Peak13;Peak14;Peak15;Peak16;Peak17;Peak18;Peak19;Peak20;Peak21;Peak22;Peak23;Peak24;Peak25;Peak26;Peak27;Peak28;Peak29;Peak30;Peak31;Peak32;Peak33;Peak34;Peak35;Peak36;Peak37;Peak38;Peak39;Peak40;Peak41;Peak42;Peak43;Peak44;Peak45;Peak46;Peak47;Peak48;Peak49;Peak50;Peak51;Peak52;Peak53;Peak54;Peak55;Peak56;Peak57;Peak58;Peak59;Peak60;Peak61;Peak62;Peak63;Peak64;Peak65;Peak66
Syncom;1;R1;9289271,741;2228057,759;2293768,95;1391884,679;1979078,578;1166463,44;389961,9534;0;0;198,1055109;6088,642905;3767,961732;229704,7668;0;0;0;0;128704,0358;438798,3529;565642,9145;446319,7262;1646,402146;657,9744589;0;1564092,849;362104,8217;410391,8104;697059,8678;303695,8519;365617,8442;242232,9343;688776,1403;45030,43222;281697,5777;25467,63429;38408,92082;217674,3852;0;48687,08637;641141,6303;110256,5734;217967,1372;75340,02053;0;25307,69311;23124,74094;22072,71613;233270,6898;634,4454858;11041,97362;561629,1868;0;12959,74936;311348,7053;335613,603;0;30,60003021;193,8587512;1073,001934;37922,1971;132,24;17813,53505;0;5638,042083;1171379,285;29088,50082
Syncom;1;R2;1,35E+07;2404170,822;2223848,154;3083759,136;1843480,867;1967633,167;432840,0794;11448,25856;78256,00644;9600,794471;10484,76316;5183,98509;352333,3959;999,0762616;1879,12623;1378,280138;0;198752,9445;437681,7339;1242822,913;432733,9827;6815,47715;1980,791567;329,5763379;1770916,713;398230,7767;351358,588;662962,342;302070,008;361114,1318;774225,0983;1562093,515;642022,0942;625201,7389;465705,9991;469486,8269;114635,7841;0;131276,0514;1821133,361;323117,281;412193,1048;255699,1849;0;79526,48985;36542,42766;37283,21903;232842,1871;546,5479779;14567,56228;1316317,56;0;21674,9168;401024,2546;431693,9643;50,64468018;0;27,99930176;14422,96297;126058,0984;498,1914803;25268,75802;290,3840346;5726,269754;1202686,454;150162,7324
Syncom;1;R3;1,20E+07;2610894,788;2232279,904;2786935,662;1910479,704;1751907,376;361638,3114;36489,90127;221468,0354;20241,34115;9419,165251;6659,204873;475342,6722;2468,390331;3483,857999;4391,214261;619,5390656;173105,5562;368747,3748;1107263,54;446578,332;15479,60035;7672,799455;337,571315;1591095,192;358746,6396;384472,4061;624618,6378;305466,8542;345123,9403;589563,0423;1141326,701;321275,7901;527962,8882;216013,0228;244453,9776;104222,2753;0;123095,7893;1306132,784;239812,3841;337764,9497;190848,6326;2534,622261;149660,5607;61220,46538;46992,82698;436818,2213;456,7218585;14032,88742;1255638,954;0;16745,17858;368705,3779;436674,7805;0;36,26786865;0;9926,067279;135725,7679;1320,856471;27820,97965;258,917157;6186,625506;1313311,163;128213,5237
WT;1;R1;2411078,945;2553103,318;1851986,135;3200329,705;991475,3795;555891,9733;186800,9835;4481728,219;4161451,086;2618099,765;4834837,679;2249998,857;1010328,416;1548367,583;863714,3885;1242433,831;1490392,849;695270,2998;39948,66794;1321777,105;406548,3263;464571,3696;578343,985;688538,9393;1180798,931;208112,0184;288152,7524;626662,7252;268429,1726;273151,3248;737918,8263;835990,585;31045,90334;178903,2287;21889,59625;27944,50883;36458,00619;700265,0791;227307,1663;947006,7357;214669,6734;358156,9469;212200,673;779574,5648;123265,4231;27070,45233;36039,53834;183518,3494;99378,32935;19897,95251;1006803,698;55533,39579;75512,14696;75128,91002;101858,1651;0;5290,477167;26,70648926;3828,109501;174660,0514;0;67818,12289;3589,915809;7613,117578;1304654,114;56700,51376
WT;1;R2;1884311,301;2013774,783;2173119,462;2162796,732;858339,5156;406606,8704;451090,6629;3676050,749;4389477,464;1338718,877;1119003,21;353294,8607;218869,227;1075697,748;699182,817;767095,6139;842319,7185;491574,7833;60465,34696;874095,803;392691,5521;217551,3913;252172,974;273172,0904;1850963,313;425355,9399;327635,3934;642826,775;274427,9997;335104,5376;426304,2309;468240,7309;649623,112;119732,1486;534615,3702;477960,6464;78174,88419;410368,7083;26923,0219;720750,7458;120163,6626;254119,6467;121560,2658;398035,0229;27438,80466;13457,33251;38069,05113;347013,9521;79560,04732;6454,941833;694431,3481;41805,3239;61000,39417;103831,0985;124247,5901;0;4996,168;217,0925317;21403,44182;71230,79489;261,7684296;10005,80423;0;4497,478718;1105184,089;51231,56071
WT;1;R3;3289264,544;2819300,484;705504,5505;3822862,709;1643368,96;710442,0755;307193,9387;5338324,05;4150631,101;2774089,928;217741,8914;50162,60852;286162,1525;1955402,457;1153506,339;1528771,163;1818488,746;1050812,136;49551,47679;1551048,3;431072,9097;534311,7645;645272,2252;762354,8423;1301849,276;302386,6141;322636,7828;549554,6393;308008,9031;329056,6426;828054,2032;1081849,623;573885,9824;256179,6173;492507,0409;397555,9859;36610,81164;557644,6011;99114,67175;339562,9136;266583,2029;394367,4415;254463,9184;799819,2918;40128,58476;15327,03685;37649,92887;300829,9072;168949,8376;24087,72289;1262801,718;82770,06462;93058,72812;99736,97916;131172,8092;0;8595,34281;227,502849;16639,62918;188793,4557;0;18332,27251;0;6920,4569;1432097,482;66326,23092
SFP;1;R1;1,01E+07;2760593,266;945810,84;2656270,902;1556963,815;873766,8708;316775,624;8703,760112;69855,15364;1819611,992;103728,0996;24157,59361;256818,5665;1420,781366;0;530,9242946;1135453,111;1839032,052;335700,9388;1052606,618;391773,5106;255541,0802;195105,1367;445062,7066;1340860,923;305837,3007;306203,8024;581322,5516;280015,5379;344270,4689;631423,6269;1128524,373;510787,0864;279639,7706;434290,9807;353930,3532;137168,4829;183792,1131;73631,24873;281832,6258;200888,5152;381530,5721;233723,5609;608953,8975;31192,55344;29331,45923;43453,51993;308983,3937;262,4642999;18120,40836;1085039,865;0;310,3684937;121683,6455;162458,7298;34,24242187;103,0644342;24,96595276;13602,19035;57488,76402;464,4930359;11164,41788;0;6183,901741;1393901,468;87965,29014
SFP;1;R2;1,07E+07;2682539,245;1896632,464;2803325,532;1305272,327;955152,9393;279866,1026;0;16356,14314;1510717,204;67749,81787;19284,88918;496106,803;0;0;0;974338,1655;2079467,817;278109,9267;1119523,997;354343,5731;204183,1326;152727,2354;332782,7722;1192573,815;271450,865;280388,5791;666654,9605;248955,3454;319204,2727;798656,3415;1356304,797;502118,929;326443,8721;405938,5443;336699,1263;109415,6126;181413,6988;114164,4097;401697,7506;257207,4993;418994,2712;288378,2592;536429,4753;45768,57584;37109,50233;58997,47709;214686,6445;369,075;16146,99279;1352561,559;0;0;81736,68124;104556,4601;37,93732498;31,59950684;0;10502,05252;71820,40191;210,5742187;47958,9715;277,2195035;5611,573804;1423166,035;49753,34211
SFP;1;R3;1,23E+07;2701784,981;872884,212;3230487,525;1640682,693;1113891,86;738405,6416;0;8022,679189;1778512,833;53398,14177;13392,50202;171039,5145;0;0;0;1132982,519;2502945,619;1028159,06;559196,6459;770042,6844;231443,948;175495,6942;343632,76;2819944,743;658121,7443;706150,8637;777034,7825;601952,7295;609955,7354;586065,3554;1360633,592;40217,11957;360222,8921;29719,67199;34132,58553;341198,4496;206611,4179;113753,8892;1187886,626;201751,0849;391627,6601;219819,1906;547508,2427;33908,31413;26400,5664;29492,1042;169951,0843;0;18854,2876;1094165,506;0;0;96228,15453;120280,6805;0;0;253,8571051;984,4205109;120731,1563;274,7667188;12691,04734;0;9178,602031;1300347,767;47373,52749
SRFAC;1;R1;1,09E+07;2803345,953;621375,5601;3230118,124;1490443,431;1022707,995;265560,2559;0;4972,513704;3416037,961;48025,65738;12001,92597;687815,1447;0;0;0;1750007,486;1456737,345;329181,518;1252096,891;419389,8583;1262528,133;1467951,895;981854,7368;1170178,116;252191,8659;286411,8625;614360,4425;302677,8375;319991,4458;914939,9241;1153252,957;178599,6869;354951,6867;130260,4748;114205,1951;118404,5543;680754,6645;322530,1096;325024,1069;291684,3443;479871,6044;327011,0586;906871,2356;80610,54326;47060,55067;87972,89985;221910,5884;229,1507849;9842,888723;1141697,734;0;11097,08979;48505,31077;75233,55158;0;146,0881064;302,1495062;4939,256702;117241,667;239,6250394;54676,40461;1215,73207;9708,617864;1417838,889;57929,97441
SRFAC;1;R2;9349961,669;2654178,376;893763,1747;2121834,67;1324303,056;637220,6353;249459,1397;0;981,1456201;1623192,047;27217,08583;7469,237092;311009,7851;0;0;0;911557,9155;1065563,676;249130,566;808028,1621;324340,2731;535603,1852;531017,2613;332508,1843;1134763,967;258321,0315;259588,3966;654823,9011;238945,5004;255730,0727;436838,6891;976804,5697;63246,72591;284397,1551;42895,89658;54295,34041;121905,9771;520528,6293;129524,5952;967800,7939;176781,3007;340578,2497;186599,1104;589960,455;28499,60966;29354,39001;47613,09297;230124,9674;288,5147241;13771,22845;967927,3621;0;4117,09106;62584,77153;87241,57892;30,07125;28,44008057;29,48757568;784,3440747;135697,8045;276,3861685;9660,461763;0;215436,0331;1399514,279;50699,54378
SRFAC;1;R3;1,16E+07;2309439,155;604659,749;3677940,744;1453262,951;1096665,337;383822,4404;0;0;2707012,602;34049,38398;10633,02503;593126,6726;0;0;0;1432562,097;1465446,914;403179,8675;1464155,092;511240,9789;971943,8133;1165391,11;736561,0031;1460848,966;347569,3341;397941,1371;691356,3242;368169,5407;385544,3288;1239625,034;1431230,031;463305,9433;396939,9425;403139,2653;340587,4302;134754,5306;548027,1291;364159,272;476150,4982;400604,9406;512795,1656;343230,2725;759882,6186;116925,4345;64098,44261;85978,32186;167153,0742;837,2522571;15780,72336;1409377,149;0;7028,304578;55275,45892;73782,82194;0;0;0;8830,502;83848,89538;264,3485458;43135,86242;0;5856,898284;1225226,32;145312,1755
PPS;1;R1;2505289,816;2118930,48;1874381,095;2106397,796;1481586,185;266661,1039;1372879,824;4570774,864;5659528,075;3271988,926;25020,27197;10963,0467;200839,587;878649,6916;563476,7974;585867,227;1802316,166;603131,6706;211293,7084;822280,6246;961550,9817;470941,6971;475777,9489;951593,771;4927415,392;1697423,938;946117,3923;1427778,539;786495,255;793394,1033;526285,2801;543057,5646;363663,5216;123246,7055;326885,1197;255528,7768;250592,5429;1073348,68;107146,3502;549275,5002;149738,594;238791,2983;81995,85068;1247943,126;36246,06734;15147,5572;21313,32581;215988,4675;113217,5332;13792,50987;595671,086;44634,6274;29776,44125;45943,67743;53801,79326;0;2462,000092;520,6260983;17360,04891;60612,12071;0;7783,642174;0;6361,5765;928182,2384;107765,8739
PPS;1;R2;4178150,004;2656580,761;652939,7111;3550735,948;1561027,653;774382,2209;266252,9466;5025790,592;3803786,221;2770701,767;26521,86647;9483,372914;66190,96254;1921592,404;1093862,662;1218983,805;1579715,646;955463,6675;42244,97019;1391004,691;337674,3566;359846,0232;324830,2837;673722,4316;1128637,25;252481,1248;241156,5087;532832,0811;233760,0734;282046,1937;1269344,7;1212768,771;64036,26458;366518,1903;35954,85986;54541,11004;31556,29809;733335,6845;132635,3635;376176,5337;378654,6106;473353,4246;323798,0445;955637,3329;14287,72604;6813,598715;9736,492433;196058,3714;184927,1836;20223,45306;1263350,167;86422,34011;89479,76192;37872,12777;53826,48652;0;2153,481177;0;18107,96142;43684,25882;0;1520,704319;0;7356,584062;1360834,061;47461,86262
PPS;1;R3;3125711,716;2404879,469;740794,8554;2688241,579;1598353,902;555197,2155;346054,796;4880747,189;4346496,378;3129179,385;110840,1999;44160,76848;879062,3431;1689404,641;878054,5121;986796,7099;1790805,177;808012,0845;58939,46156;1056195,412;427306,2286;416697,7201;422621,5128;874979,6603;1391694,134;309861,5792;314636,395;663268,2955;302518,7921;356751,0223;622264,5703;880193,8086;21974,0241;199938,8741;10988,44945;18339,83791;57135,44855;702783,5884;94590,64399;953566,1531;190503,7246;320383,1763;180372,8844;951119,0888;90845,23524;33039,72126;99593,45653;190900,9538;153033,3384;36275,63986;1006848,516;71538,8949;68732,66389;81429,70192;116381,2665;24,80788147;7598,535967;0;15512,71756;86293,33126;0;70948,13718;1786,706302;6184,841099;1242258,704;53712,27513
Syncom;3;R1;9011983,745;1188694,21;94375,9253;954215,9021;900969,6173;1017567,244;0;0;0;24,75303589;20295,8273;9538,465215;8364736,742;0;0;0;0;109713,0941;0;305679,4249;224,0887473;1515,060522;0;0;2191,923415;0;739927,8229;21398,89245;73,84666443;118,2579346;111074,5885;688759,1311;13650,85778;272304,0676;2795,947773;14733,74948;0;0;33480,64162;759114,8333;65688,36275;109335,6937;5744,352582;0;2686207,816;1410180,824;1062648,454;669658,5375;0;5110,519144;843477,8185;0;34542,71041;313881,7663;311760,1893;2719624,221;0;94,46456451;79,74240829;65144,9;369635,8121;929407,8081;301756,1199;130792,1784;665203,7246;361764,7871
Syncom;3;R2;1,28E+07;1226437,876;66566,17286;1679025,445;624053,2177;1708342,61;0;0;0;0;2723,043219;2061,525303;6301036,488;0;0;0;0;169190,1025;0;658629,4782;120,2759775;850,745663;0;0;960,2304501;0;615326,6858;2815,950387;73,03857834;20,77165283;286146,7237;1207661,724;12058,87369;507707,5167;1364,886848;12103,78082;0;0;38064,19019;1292653,987;140664,8818;213897,5782;19093,23965;0;1877389,76;838029,1759;725077,4511;794429,9589;20,56783585;8081,639961;1327762,907;0;50943,98614;448953,6034;481606,5461;2753923,104;0;58,55213287;159,4999457;29587,49503;273805,6566;637425,4575;166174,6835;100348,1744;696536,2027;174132,6889
Syncom;3;R3;1,03E+07;1173046,657;27515,68637;1204209,226;614316,0104;1428661,974;0;0;0;0;3251,170648;1050,946173;3443552,533;0;0;0;0;114853,4808;0;483896,3065;24,41865234;804,8620422;0;0;786,3231404;0;494846,5127;2226,947801;26,45361145;21,91636505;165777,9292;615688,8995;22330,56879;393899,0879;5269,653112;22754,59503;0;0;42774,29569;1064564,019;98384,04036;147824,5957;11787,6082;0;801169,4511;386516,5108;616093,5686;799099,1791;0;6469,468189;946135,4999;0;27313,4536;325444,9138;311080,1598;2691340,958;0;99,29098938;19,45728699;10200,55317;279274,4818;305334,3268;40032,9895;55757,2906;686546,3654;367980,4462
WT;3;R1;4348394,135;1178274,251;40967,05082;1904107,953;683028,9768;967443,2785;0;3307971,36;723789,9097;77,48200699;3431,732998;1393,24402;492547,7704;628489,8725;508737,2639;641453,4026;25,1206842;779543,1428;0;758268,1783;25,68467285;508,2666412;0;0;3662,048072;0;536250,3424;9085,747926;60,47909088;74,76743774;89222,94617;682324,9836;14714,16189;343851,6865;4331,939099;12932,72557;0;0;10860,18085;1742018,713;53853,19747;188735,9462;23657,39019;0;103080,6877;27594,98239;100644,2077;673647,5037;928548,0335;888056,8228;1966848,068;300700,1829;305629,4865;617705,2582;616112,994;2717871,7;175177,8329;270,8705585;68669,59151;14747,68115;74948,21631;25419,5181;313,6366241;10015,94593;697851,1957;175541,5763
WT;3;R2;4689471,72;1388570,818;32219,09389;2021143,721;1001631,057;1055321,413;0;3021790,923;2759464,738;35,92166748;3901,154352;665,4900064;1228411,553;952608,9425;854982,8412;1084505,75;367,5228937;1016500,918;0;765387,3172;40,23917358;810,9558801;0;0;2138,534169;0;592428,609;2459,437694;22,92796692;0;147616,9473;1270362,717;13640,58939;360789,8823;1536,227286;10922,85866;0;0;15278,56213;1504322,014;69039,45238;237724,4869;30427,74815;0;234805,4147;44669,66507;155689,299;755282,0165;1671902,836;1429925,262;1925386,398;572789,6505;440808,1059;865438,2753;929824,3322;2867550,11;315620,1511;0;117127,6337;17241,46817;51489,2017;117368,1786;7279,497709;25195,7299;779848,5873;295147,9735
WT;3;R3;1,25E+07;1229853,296;20299,03415;2817238,762;1023109,243;2368968,297;0;3020195,883;2469829,803;272,0447168;731,8048361;784,8939313;1351539,091;733613,8035;1182481,277;1522542,537;2202,384049;1722056,792;0;1901841,358;22,90518814;10370,49237;144,9255949;0;343,98;0;665272,033;10559,08444;107,0661072;265,7699918;331555,7382;2283167,285;14590,8588;1043933,915;1693,08495;11764,57758;0;0;58534,06238;2088567,601;155232,2224;326424,3699;65161,82817;3610,917784;291679,3258;44634,15194;189041,5833;999326,602;1521107,891;1354090,978;2783205,317;742761,706;771157,4504;1024122,261;1037327,072;2013790,55;299310,7929;88,77366577;99012,65384;31426,23138;19845,85525;130179,7281;9830,749184;30672,15447;748348,8686;212809,2177
SFP;3;R1;6989069,459;1199192,73;45430,28243;869075,8956;952450,2787;491442,717;0;17493,91733;142890,6017;6633,301367;15346,84586;8037,963778;6882014,436;762,7628046;377,9454913;597,8862282;56337,51227;442880,8061;0;333407,4557;28,43243591;10529,45944;0;0;6562,762527;0;698106,2006;16814,27201;22,65210022;27,57333984;54023,86637;590878,4254;38256,09557;162605,9824;11484,75947;41202,49511;0;0;16935,53054;732371,9186;24670,93756;143471,9011;13998,95247;2485,322596;1893305,158;1050331,801;1309522,834;1021739,857;686,5947583;18966,15354;841550,603;1354,333369;28302,03057;443090,253;450074,1013;2734387,485;0;47,57045288;964,3228793;31835,19885;362946,5124;767130,5364;213705,1596;52356,83775;738893,8521;324956,1725
SFP;3;R2;1,26E+07;1335758,758;55293,41019;2205683,066;620558,376;1310359,659;0;2769,966381;30619,5205;1866,826125;5660,033187;537,6834229;3946545,84;0;0;0;25307,61987;1492257,032;0;876744,8711;24,17965576;6535,835734;0;0;2321,824694;0;503392,657;1858,153974;45,19754517;135,1988489;168081,3156;1116962,354;11627,45228;441160,8281;2853,207705;11538,20406;0;0;28759,32142;1218404,999;71264,65471;261391,1058;30512,85102;3592,678815;773356,9934;421448,9464;851980,8162;944459,9751;0;15165,0073;1526364,335;0;62813,05293;856753,1928;870211,6987;2595799,597;0;54,82523804;53,09941223;21720,52648;228673,0168;417684,4561;58940,85732;32660,13369;791270,7771;676388,2401
SFP;3;R3;1,11E+07;1295180,768;47344,05905;1693714,424;679350,9404;1072357,276;0;433,9780096;7498,634424;8096,457711;1789,206014;94,54626205;1455007,983;0;0;0;44495,43918;1288185,947;0;667020,0642;21,96596008;4024,52429;0;347,2397974;1300,624057;0;555116,4256;8467,308195;19,81621307;18,99055618;131194,8267;967239,9192;10594,94951;366775,2926;1123,26869;11388,07061;0;0;25833,37312;1114992,737;59015,81561;218813,8422;25725,04621;9134,667275;285857,9471;142377,3803;218432,2605;800672,5654;0;13983,49296;1460933,74;0;46030,13207;835280,4432;860391,6637;2696143,575;0;74,62133514;466,2883804;14822,21407;275956,9344;109132,9948;7933,499865;13396,29134;739594,7672;225812,7576
SRFAC;3;R1;1,18E+07;1234852,385;45836,87734;1819778,631;654625,3925;1180689,235;0;0;4731,810198;3667,789929;6269,448619;3316,587863;1497083,97;0;0;0;33720,64311;893678,398;0;716896,213;80,43865082;15506,93377;0;0;3947,679826;0;609449,7516;1234,693118;30,03710449;26,09496277;254539,5522;1091478,01;15353,18827;401121,7511;4072,997114;13337,81902;0;0;153698,2328;1315735,629;101579,5452;232446,2536;30619,38836;16947,33732;302939,817;131424,81;224362,6011;847564,4134;659,5487238;22027,10974;1703534,433;0;160901,6885;673339,1757;710804,3254;2780664,545;0;257,7707968;31,85581421;31809,70691;261337,1935;128253,5714;5408,117492;16869,50325;724346,9716;304464,0437
SRFAC;3;R2;1,10E+07;1279199,322;36809,19731;1900020,675;935603,3344;1068828,358;0;0;3904,252337;33,64476562;4086,852308;1420,519384;1137790,89;0;0;0;385,4359204;990327,4272;0;727903,086;49,63208038;4277,121233;0;0;1474,060846;0;545986,5801;781,4425891;27,88655548;29,34319702;237603,7368;958796,7141;25198,3571;364684,6449;8194,158551;20801,09101;0;0;76645,57154;1084859,408;57237,64129;237625,6589;31686,74787;675,3996936;188507,4029;87144,67853;188114,1835;663716,7221;349,423916;28103,77587;1398462,172;0;139091,6328;478541,2416;516392,4435;2752047,822;0;33,32750702;80,4065799;30920,81477;269732,379;110681,3981;4800,204921;7843,732787;737340,2928;311002,1093
SRFAC;3;R3;1,81E+07;1305482,911;19046,65692;4108656,226;671869,0075;2498327,272;0;0;0;1117,251133;3651,971797;3998,10668;704079,2892;0;0;0;16533,46456;1846449,388;0;1568683,161;55,80088898;10063,55818;270,8316843;0;8576,028343;0;519688,9568;1367,742682;73,91235489;0;589440,6054;1999780,338;36821,71593;1012052,799;28205,94205;26617,94283;0;0;196301,1984;1961860,208;269957,0693;378430,717;70549,88393;4457,987585;189828,1191;71554,5491;133806,4136;646899,4644;431,3026758;21171,88476;2338884,915;0;341140,5414;752367,7734;765336,4125;2726280,698;76,23123367;58,52493164;1179,12286;43959,2091;103108,0676;61250,17045;1849,088389;9557,248973;727701,5093;245823,7219
PPS;3;R1;1222283,308;1252287,813;64438,32136;597002,9027;653803,7243;311317,7737;0;1337645,297;2085271,922;4501,083724;4703,90064;4546,94954;603593,9383;187067,4995;131274,4855;146257,4355;3215,614321;173502,0212;0;234865,8355;37,99857056;5025,147131;1033,775018;0;1236,745808;0;562030,3838;9717,789269;29,38310486;0;19793,51059;366364,0607;9095,78118;90752,83857;370,9342841;8963,854993;0;0;4675,506832;384553,7285;16517,9244;80690,78949;10553,06043;31255,86031;149176,7679;63303,74353;151169,3712;968676,7399;1520755,86;1279735,778;627216,9051;98553,11933;49857,74005;329717,5432;357561,8391;2638792,994;128742,0171;335,0408972;84932,82852;25107,91143;186368,6375;56213,20403;933,0466617;7866,388391;715931,3304;326492,0492
PPS;3;R2;3178838,72;1187532,465;35617,58004;933813,6279;509192,073;498956,0589;0;2014813,341;2020990,425;6102,913601;4229,125356;701,1651865;371475,6647;398490,4635;326383,5935;378051,5706;14871,08597;471667,3591;0;378457,966;79,91288681;2773,355178;707,3106537;0;902,8124698;0;553646,8466;6711,698317;91,57976349;19,62156418;38662,48888;322637,1603;8962,615278;154664,331;1222,143077;7964,268036;0;0;79350,36798;769369,9347;24899,91506;98331,78316;11061,27222;6221,821445;83926,00513;27513,7672;44959,4406;847521,7223;450525,7061;349057,0622;1005699,649;158498,1265;44825,465;821617,4633;849332,3796;2652150,483;73032,31956;58,85807648;56216,15171;7107,26645;129701,6683;20575,23237;0;5537,599781;693993,6619;149814,3128
PPS;3;R3;4489216,984;1378227,597;39637,36469;1524483,412;511987,0311;856337,2821;0;2483323,422;739742,2967;24,92000793;62140,52945;37224,58907;814089,53;610439,977;554072,732;625519,1843;0;922109,1298;0;601798,2965;35,64487793;1327,153222;0;0;10534,81695;0;459294,049;2139,36239;35,55646545;90,39531647;70036,97384;1024203,071;15499,89539;278205,1568;8142,630433;14089,75726;0;0;2921,597675;1135319,813;43228,32654;166042,292;21165,34715;232,6656226;198066,4695;45853,93141;130136,9267;751371,7706;914636,0548;597288,0564;1599780,14;363371,5944;137578,5494;1138351,629;1168848,597;2593538,608;184021,2528;151,0695145;96426,14053;43782,08568;66660,24423;42019,43584;2042,186147;6809,084539;754846,6234;204837,4094
Syncom;6;R1;8750076,451;1157714,417;45364,05132;619571,4195;160034,4849;906968,9433;0;0;2600,953013;20,26769485;5365,432623;733,7660609;983876,4351;0;0;0;0;69376,57844;0;191543,2534;19,65840958;0;0;0;3080,315924;0;726923,3172;1519,570298;39,96045776;85,45994934;99474,88886;400655,2213;19426,88104;261665,4631;6883,2721;14477,7424;0;0;22947,62677;829744,8997;61867,98402;92319,25368;8045,705006;0;246636,6125;128464,1313;159158,6964;1110946,485;353,9510651;1243,710511;883786,8787;0;13466,59588;778500,2111;808632,9308;2019984,976;0;28,43631958;25,81040588;55569,95393;440448,5065;71683,56161;2367,687413;14439,07014;646387,4887;466841,6809
Syncom;6;R2;1,37E+07;1098291,164;44453,04185;1375627,674;188535,4522;2115464,649;0;0;782,5070215;0;3196,863657;1463,859223;387614,5256;0;0;0;0;176367,9706;0;536512,9208;19,7957428;0;0;0;3638,438775;0;632292,9044;1994,536271;30,43779236;0;201630,3098;1245222,706;330646,8164;594951,2407;192099,9366;250166,4134;0;0;39824,45492;1216817,957;142887,7586;112765,0952;11985,15097;0;101291,227;49117,85643;74522,57283;907950,1654;242,1725281;531,499812;1470717,384;0;18066,57057;1353028,199;1347543,641;2930423,23;0;0;8698,64628;204812,3509;349705,3023;23891,54763;338,6007001;12090,60304;643226,6271;446271,2237
Syncom;6;R3;1,30E+07;1256912,828;24556,41324;1051117,403;189676,522;2035085,811;0;0;817,4665173;0;4143,329887;1494,939495;990795,1146;0;0;0;0;169933,1931;0;410315,6611;82,1188504;248,5067075;0;0;3180,764537;0;661167,2266;4268,161968;27,27663574;33,85744263;164278,9449;713469,2457;24573,39429;515846,8266;11496,04336;22181,17189;0;0;32223,16169;1078326,056;127732,7609;107537,2242;9132,911833;0;246263,552;109239,9951;152302,2081;923970,4947;212,3239352;1290,88998;1310005,689;0;16329,95784;1291715,46;1325753,402;2736453,22;0;67,57528473;628,2492307;223901,8294;303777,9113;93900,42282;2130,463665;13139,21005;712351,4734;401764,1533
WT;6;R1;9326611,156;1253623,198;41387,50636;1713630,596;380440,3579;1583843,174;0;2660749,31;744857,3608;23,8392746;2352,113389;970,6067075;1183484,24;524381,8554;516772,942;609130,9251;0;881801,741;0;683592,1063;45,34707275;0;0;0;0;0;812608,2233;648,5982788;35,60059479;536,4830594;47693,25338;1609642,667;14327,08458;478816,6373;3519,909355;15432,14168;0;0;13806,83315;1699074,381;55354,23995;165813,9743;32134,95928;0;244911,7535;62623,43675;377103,3484;984946,9586;1292859,839;389841,8384;2702854,354;894046,539;93744,43854;1885119,172;2016493,485;2184770,59;735703,2749;27,33051636;260065,0043;96506,77328;111607,2013;110728,5133;7728,22088;16723,23668;755286,6292;918054,3229
WT;6;R2;7414733,599;1176546,841;42598,29866;1134969,84;415830,1796;1221912,853;22,95986298;3505937,677;2897024,816;0;4349,653373;1399,175682;882950,6968;573110,3938;433240,3661;570793,6905;368,377251;774539,0908;0;448721,3388;26,2345578;267,4110782;0;0;2845,806061;0;678183,1078;7247,842912;25,69713501;411,0055252;49054,20277;1332014,912;598461,1638;339573,5564;253767,4773;596991,5067;0;0;10954,03045;1642232,617;48660,15573;162700,425;34106,26595;0;189655,2265;47102,87283;142621,331;1040338,158;1774568,565;861242,4383;2730975,753;1160348,877;203509,7181;1649241,529;1785961,704;1750703,37;878280,5254;156,4505511;245702,6536;64193,43349;118203,8878;73969,7223;3356,677262;14081,66372;732133,2221;452832,6625
WT;6;R3;8912214,881;1193811,039;39065,46711;1088114,117;355075,019;1327441,956;0;2140953,042;801290,8017;0;3742,328209;4151,502893;995819,6292;363592,1813;317203,6013;429693,6501;0;833495,8931;0;429807,5513;20,57752853;377,3633789;0;0;4466,373787;0;675343,8061;5758,880682;26,21839417;457,6112695;43766,35901;1482282,931;33480,32066;389319,4624;19086,66768;21694,90935;0;0;9389,316937;1575903,063;45319,10349;166462,299;36620,78029;0;197846,453;54456,06343;149264,8988;1057466,435;1195063,594;459179,1577;2707454,265;734291,3382;100081,967;1548428,643;1710080,799;2739515,768;461355,2644;19,00053452;183984,8671;12624,45823;132242,4852;78412,97298;5441,541642;20440,50994;751869,2931;442650,8797
SFP;6;R1;1,35E+07;1234800,966;36612,72562;1223490,284;276415,7082;1507002,01;0;3850,817238;34420,62977;72,83075226;11884,86127;2853,38998;864496,6748;0;0;0;0;1122061,671;0;477883,9385;46,69717896;0;0;0;5267,374327;0;691573,4568;3363,000589;52,73049225;27,0857428;52958,32763;1351536,37;19337,86951;529796,2431;8677,56811;18090,73764;0;0;20694,39306;1359248,339;54496,26925;172538,0926;30387,80168;0;217214,2302;95034,47482;151021,9265;883226,8173;462,135976;8024,31092;2023413,509;1656,822379;21909,30638;1829508,89;1985992,236;2662801,226;0;0;485,14771;37249,51463;324033,6405;72834,87721;2146,806307;11020,15191;734304,3238;394213,7893
SFP;6;R2;8292998,883;1180207,124;34017,23938;539572,8551;156730,6495;638728,3839;0;2457,657175;18402,47929;19,76531616;11247,30874;1868,888905;546837,665;0;0;0;0;414466,0719;0;201113,8564;22,28008392;265,0924091;0;0;5447,350841;0;638102,3421;1307,858251;24,31077209;34,26511047;20551,61705;619300,1487;11481,12546;183913,7319;2981,021365;6830,859374;0;0;113194,8929;668506,318;14235,2302;77917,88432;9003,151849;0;162842,5986;79807,94132;94048,71323;1029183,663;0;5305,897572;1075615,072;25,49391357;4202,182604;1649999,537;1745792,774;2660888,348;30,88449097;28,62067383;0;33427,4862;468259,7242;42850,12035;318,6737512;12523,83867;698148,6329;433051,1627
SFP;6;R3;1,42E+07;1277457,054;32021,45101;1740458,325;315559,8465;1570935,334;0;0;5900,588044;21,30123779;14056,11978;8589,873698;1094550,948;0;0;0;195,2803519;1020081,043;0;686446,1274;43,33020172;0;0;0;5219,268777;0;788225,554;3528,28937;30,97564819;161,5114819;93221,59644;1459431,663;14420,61258;574899,7894;4385,404145;13327,41746;0;0;37714,51097;1578998,227;65528,61004;221518,7496;53201,8045;0;282871,0778;107267,8783;158072,2933;889462,5696;0;5260,38885;2249349,147;0;23322,40485;1527945,588;1607846,824;2645652,603;0;74,1579277;256,9116705;77935,51866;335414,4919;100720,2436;5210,479246;25156,25212;753013,8814;626828,961
SRFAC;6;R1;1,30E+07;1256955,02;33569,34802;1372662,827;265060,8806;1447854,772;0;0;3269,319192;90,20348785;3277,650992;2223,850074;872683,1346;0;0;0;364,1988629;703235,7611;0;546378,1866;33,68349701;0;0;0;5445,645097;24,615;737325,5912;5367,743829;73,18582031;519,7903542;70465,1375;1369552,349;80447,17388;475322,1458;28459,49302;84120,65875;0;0;34398,98599;1461268,222;68599,93645;165600,0649;33773,08792;0;209400,8561;95809,35161;145713,3382;1198119,22;838,3839578;8150,769492;2462544,188;0;69162,57414;2259902,392;2355245,316;2718827,002;0;27,69877625;812,7290552;24483,86879;400664,3433;52957,38207;2624,238464;12093,03317;729926,0725;591982,7671
SRFAC;6;R2;1,21E+07;1300315,734;60293,76553;1188678,218;347491,1992;1258257,623;0;0;1285,898152;22,95484497;42457,15296;18127,82777;1150947,848;0;0;0;0;787547,9118;0;467309,8859;69,57359802;716,4409286;0;0;2730,991;89,10012085;710779,7125;8656,58701;40,82548828;808,1482452;69256,90792;1098461,425;34624,28923;373112,7087;20228,44667;28540,4972;0;0;236713,0032;1248428,99;59440,97532;186141,309;37013,19455;0;209506,5084;104794,9486;190766,982;796968,8864;254,04;9923,621382;2009853,246;0;63713,639;1239224,41;1394647,744;2890802,864;0;21,78006454;1351,14468;30268,08763;384105,6515;113694,6484;6188,396257;45427,05615;773912,3881;450003,3129
SRFAC;6;R3;1,71E+07;1286602,507;58183,62796;1873708,853;405428,7087;2351139,326;0;0;0;79,61553635;4020,403726;4014,894077;715868,9168;0;0;0;0;1315797,324;0;687364,7974;36,66311646;260,3720966;0;0;1297,304234;0;719584,8858;906,1740161;28,52645416;1050,576654;121847,3832;1920317,596;38058,85614;722025,8458;21620,84216;26517,94001;0;0;46669,38744;1868380,288;108966,0248;225648,7874;75929,84331;0;173661,9585;83274,62456;151175,7294;902128,9049;350,2126758;5677,290952;3051488,561;0;132683,3611;1634849,929;1786246,38;2693386,807;0;0;2237,816995;51953,17275;258385,5406;71633,5789;1363,898393;8405,17433;782189,127;507641,8411
PPS;6;R1;1738174,242;1288896,929;42150,05364;420964,9548;270132,8183;513903,0571;0;1610612,972;3062308,374;98,09926025;9982,285276;4203,757242;615670,1042;197807,1509;143563,7754;192810,5257;0;134209,3073;0;125119,4354;28,66441498;0;0;0;1710,981989;0;788688,4677;1194,078911;23,77125;27,44285614;14340,37098;745599,4894;19745,5109;147972,2248;7945,659679;17093,7905;0;0;4026,532015;856141,151;15056,83787;62175,48894;8177,320594;0;159268,8085;63770,74873;102970,5533;1061918,068;1149178,655;270266,0679;1429285,101;276787,5251;15878,87116;1603762,87;1767168,839;2677669,251;374143,4737;19,4404422;262563,4079;15849,46887;271277,2586;48719,90006;845,4779315;20387,72976;731153,9006;551766,6058
PPS;6;R2;3929110,599;1192431,174;34397,49765;707744,4634;306156,6316;847248,7499;0;1905857,925;2261795,038;26,17136353;12353,32199;6350,444749;1644322,082;265057,1993;212255,9835;238749,7389;0;384688,4013;0;272284,2461;56,18290833;277,5633334;0;0;1790,872851;0;713076,1462;1624,123074;20,00281586;39,34395996;21559,20968;553890,923;10344,59812;228059,771;2622,67297;9487,142686;0;0;6699,569672;1200159,438;24849,54389;102441,5541;17678,59014;0;308633,8574;98440,00662;246267,9403;875294,168;1066740,232;262436,9416;1972569,371;290316,2014;26698,93651;1432318,673;1584357,138;2769320,167;298734,6015;0;220719,9575;30189,92645;265931,3458;144379,8432;5405,791578;23176,84577;704457,9699;624979,3737
PPS;6;R3;5513790,922;1218860,036;28582,16764;1649817,825;461391,869;1955631,073;0;2148647,935;679371,0329;0;2159,294544;1945,385359;1040755,44;406920,6099;358785,3262;454580,5634;0;1023481,632;0;653232,4882;57,24619904;230,004776;0;0;11397,84812;0;724325,477;265,4872723;36,0375769;157,2287915;64742,97878;1884906,395;20849,95075;514153,6583;10090,10742;15504,83943;0;0;19260,42752;1858710,031;60389,52327;182625,0494;54989,42627;0;283123,266;77535,44876;174669,4263;790521,9299;2264057,225;759448,2969;3192783,752;1041621,932;104713,9978;1743228,953;2011762,65;563397,8702;877086,1908;26,19897583;557720,5918;7395,081753;121325,7642;75179,00209;5255,642588;12565,75968;735735,8554;427609,1386
Syncom;9;R1;9440629,877;1228571,223;110254,7955;445836,3237;167591,9603;957149,6779;0;0;635,2592944;0;3328,630712;2245,537278;2123630,865;0;0;0;0;87250,69719;0;172288,26;169,761492;0;0;0;643,0438266;0;1130454,51;18135,47206;32,7132312;167,4635284;53968,44546;362497,9925;55616,54578;251323,4131;38514,51708;38900,54446;0;0;27881,15716;658460,3939;55637,61669;39865,53879;3077,403948;0;426930,69;203767,9372;300917,7933;1179514,147;340,7768701;1742,946089;882173,0602;0;3066,245647;946335,2181;1017723,2;2127596,216;0;82,06000168;2005,436858;129345,2425;571446,911;205324,9548;17058,0542;50342,64169;697517,8103;625535,7687
Syncom;9;R2;9939516,543;1313688,24;40702,47641;429498,3664;185456,0497;1004619,818;0;0;0;0;4846,477179;1701,056471;3601144,099;0;0;0;0;61927,08746;0;170270,5665;18,10008408;223,4414864;0;0;6587,633973;0;979722,7227;3955,611573;28,83979431;31,7375354;61211,37617;357376,7162;116341,7836;263385,0753;57252,9838;84277,37198;0;0;25150,49165;588672,9938;51222,89875;39688,9086;1937,066363;0;1113498,559;523301,2089;592999,7709;1051573,066;523,8113223;1382,494532;858637,1901;0;1040,023812;1272404,263;1461095,639;2082668,17;0;90,65509277;2217,856892;465622,3668;604554,7149;283896,4971;31966,32043;138452,6983;723236,9607;580382,9134
Syncom;9;R3;6063734,058;1245479,255;53475,35583;440432,8154;263709,6756;1191244,402;0;0;0;27,52809082;4297,54305;1298,519812;7475665,123;0;0;0;0;71841,64709;0;167672,7357;0;264,6095407;0;0;878,0322583;0;1105387,93;10129,8574;20,05938034;333,5119849;61058,22937;629343,6879;18254,98478;268910,832;6267,358077;14487,97765;0;0;43817,8966;608244,6344;59390,16765;33721,86173;2103,969844;0;2768613,352;1518838,33;1413424,292;935685,1795;669,2398709;1530,191093;823327,4697;31,08172852;7471,472252;1118229,713;1248947,187;2127133,867;0;67,68208557;587,9310196;237396,8898;570343,6579;733592,3728;251027,5736;66625,5914;699678,5709;561626,2541
WT;9;R1;6501600,317;1255558,201;68491,6717;522827,9518;298562,2903;869094,5407;0;2373719,672;2446587,056;1063,762936;8598,202747;5094,291702;1326317,348;319228,7396;264741,7896;300195,3795;0;427455,6435;0;253404,2421;38,40963501;858,4266536;0;0;6218,431756;18,47050598;1083159,672;11700,69098;36,38675171;26,12689453;19540,81972;424213,1166;15251,60098;204777,173;6342,615793;14366,56729;0;0;145637,82;713700,6228;25420,15024;61284,36932;6285,511745;0;280205,9659;81655,5327;156483,079;1114823,005;1261224,763;73890,69409;1533140,687;614438,5834;6801,242581;1933342,633;2217788,764;583614,7776;1321259,219;0;629611,2516;203991,8492;357241,1801;89278,73976;5263,129255;43175,1923;716559,2326;565392,1146
WT;9;R2;3017761,093;1351248,26;20115,59446;298697,712;507664,4829;508412,1118;0;2357097,097;2505197,745;169,6495825;41586,0888;22346,30288;580359,9031;332446,5161;216942,3592;233356,3453;0;235008,0829;0;88510,65219;18,84528946;240,1819409;0;0;6343,933184;0;982497,5793;6627,841234;0;18,18594498;10092,84181;490744,5089;159519,2201;95768,01118;123183,7775;116046,739;0;0;67200,69003;530452,8556;14488,86278;39404,55541;3425,14804;0;128207,7862;44305,73922;111508,5385;1040032,407;1760520,849;93176,53023;1203692,189;664828,8824;4583,964364;1541940,705;1738128,05;2169767,298;1250185,836;0;776924,6264;18967,21207;364560,3905;39349,00299;239,8255133;11916,24066;732616,9349;548881,1452
WT;9;R3;3257434,012;1382667,315;29929,95393;199620,4873;231764,2326;408153,8668;0;1896796,393;2672221,567;0;35203,09411;12395,01116;1072254,009;194399,4659;157567,2655;154545,0077;0;160845,9316;0;95821,31273;40,38756866;0;0;0;7397,782419;0;970728,0557;471,2744788;121,959402;22,09278625;650,8638098;398139,0591;54182,82352;91853,50838;35093,72984;40164,96489;0;0;2218,537621;436457,1997;8868,35198;24725,80333;2077,694926;0;295980,073;96535,37391;151244,988;958802,389;1050979,813;51433,95728;1007349,791;383454,8746;2548,015201;1445186,561;1620228,263;2166246,701;707560,3617;24,70423279;403451,5207;106966,3966;465382,7728;84633,00983;1983,016645;30115,10493;757455,3341;504558,7448
SFP;9;R1;1,25E+07;1268832,485;27031,83198;899653,6029;276995,648;1241432;0;1253,910081;17734,89263;20,16783737;8921,460924;2220,893272;2443628,835;0;0;0;0;547143,8499;0;363736,8226;31,12810455;252,8421021;0;0;5584,195311;0;1018714,006;4298,580303;0;26,85964417;26168,77247;713837,7921;68415,6946;362700,2095;43909,71257;50442,84705;0;0;6675,307852;678480,5809;36329,92206;95424,61765;11687,99243;0;607285,3749;278060,8755;441446,3071;982262,3085;1219,080932;7016,397308;1300628,599;1498,645486;9549,969437;1572482,4;1784366,182;2041227,923;111,5549634;0;1625,887511;72293,59206;532679,7811;188023,1996;21961,54315;41456,3044;714844,964;620414,135
SFP;9;R2;9674776,709;1283327,029;26852,74306;488291,7879;454623,1767;666950,324;0;0;7014,823166;247,80957;12135,12702;3735,179191;837552,0168;0;0;0;259,74;363167,3883;0;186200,6469;29,22101807;370,0542755;0;0;3737,119562;0;1186162,707;11447,71525;31,44315674;30,72370972;17790,02204;531976,0811;124683,5542;194408,1982;83544,73879;83983,38309;0;0;133113,4819;479010,1788;21698,68417;54125,20863;4188,241024;0;211854,4055;110093,4866;132541,3288;965427,5704;302,7164392;10846,06386;994004,3447;22,05585846;4255,631615;1575106,058;1849393,596;2246061,77;0;18,51666641;5156,67839;784292,3772;577843,0266;65625,60234;2034,209864;15507,02345;712651,8931;563948,3641
SFP;9;R3;1,20E+07;1262338,778;21546,02335;804184,4853;382159,8044;1083480,283;0;0;1964,444257;20,53105362;22724,35675;11481,38371;1,09E+07;0;0;0;0;537710,1709;0;320579,7569;39,91710938;326,5615027;0;0;3092,255682;19,77000046;1100134,689;10926,9783;56,01242798;88,41691772;25292,90188;806004,6428;142867,4307;279273,1692;65184,4813;135278,3371;0;0;29202,8527;713846,867;29460,77487;93488,87882;10517,78942;0;3532834,109;1765224,741;2475218,593;1116558,811;1121,918717;8700,374791;1389087,728;29,77887085;6867,91869;1363683,778;1590268,909;793379,3642;0;18,90085831;4232,918789;526801,3275;635955,8121;1715519,055;681691,185;476897,4976;726073,9688;657485,8303
SRFAC;9;R1;7560474,382;1311674,631;37072,92871;430965,5038;262790,682;585637,2189;0;0;3032,521192;38,52876709;7439,37884;1167,527191;240441,9096;0;0;0;0;171020,2525;0;164709,6515;25,13883087;294,4251906;0;0;3443,188163;245,2814127;931453,1563;1126,200718;27,1689624;34,78039307;8060,634562;586136,8579;43345,66993;155738,3517;26658,60911;37230,09409;0;0;109158,6835;528115,0408;13140,16089;49033,24213;4419,491999;0;107070,2314;60108,44604;96776,95342;875779,2545;1005,555702;8294,395129;1184267,937;417,2297278;8144,181083;1338095,221;1568018,313;823444,0842;0;0;2559,286405;80907,03332;581482,08;12402,33862;0;8826,466085;726281,3552;502416,3757
SRFAC;9;R2;6700011,626;1448986,554;34997,41292;710582,5348;341362,3696;1106704,1;0;0;0;251,8701562;6877,962054;2086,377094;1975898,358;0;0;0;0;494542,5915;0;240567,4539;28,7316156;540,567453;0;0;1762,594146;0;988831,3952;2761,274659;23,84321045;30,16023926;27905,78498;612822,07;57976,9347;271056,3858;28224,14489;48777,14867;0;0;18827,23284;532280,5945;41089,91306;83732,04022;9703,584473;0;798851,3303;415247,3972;327910,1152;832855,1722;1956,952059;5278,617063;1197212,518;177,8844177;19341,32113;1730544,522;1927832,202;2901801,34;0;25,0992865;1413,575411;219072,6046;611843,6883;131937,22;10942,06488;14136,97133;784036,5525;621788,6914
SRFAC;9;R3;6510270,55;1369519,018;31359,19346;616824,2282;543572,0683;738085,085;0;0;0;182,2514511;8118,91191;1501,102793;1718579,869;0;0;0;252,9832141;284664,8174;0;235431,3035;30,99240967;886,1605737;0;0;2120,264901;0;1580093,967;8772,036954;134,6024762;30,42519104;24449,62368;519582,8796;16822,53389;180895,9802;6849,412029;15682,07614;0;0;132990,7991;486696,294;30760,54205;80411,2421;8125,498766;0;361533,4326;178494,5183;136924,7957;1234537,924;865,4693765;5544,226904;1076905,653;103,9077631;10267,28497;1817445,532;2044203,391;2242690,659;0;27,24468933;907,594585;204215,1151;667378,8745;47208,18088;11977,10349;13769,19365;764305,7793;822579,5858
PPS;9;R1;3597313,01;1416655,33;27109,70994;254145,8915;323045,375;437785,9018;0;1525665,275;2694726,999;23,04003296;4904,004774;2481,912732;7198935,719;135561,0172;89576,10521;86348,02531;0;36639,44352;0;99937,62615;22,2440625;238,6932056;0;0;2503,253459;0;1205424,133;189,0482281;45,48288116;108,7934431;6888,661705;409815,688;33366,19707;94829,93857;20559,73815;24845,54988;0;0;69167,78718;372449,7882;11139,03481;28539,0048;1378,895598;0;1739556,358;576343,8324;1250659,033;942458,2157;1279716,195;68546,65111;863963,8795;333086,1342;0;1520046,065;1873501,277;792548,9001;772866,7034;38,14831787;649998,5207;64755,15053;605761,0088;822923,5755;230539,1766;424735,7379;808672,4899;632405,7487
PPS;9;R2;9070007,635;1419169,921;31603,96105;811504,053;442179,0895;1194159,606;0;1659633,795;2311432,452;24,50556793;5803,890878;1048,029437;1,38E+07;204712,9077;167483,1968;196378,7583;0;478908,5136;0;319047,8464;23,08679901;277,3050499;0;0;3320,098872;0;1239774,804;8026,994377;29,67245178;0;19965,94942;1013639,516;19293,76177;276522,6795;7233,322097;16041,90013;0;0;209290,1781;792821,8287;26830,22351;75860,82565;8409,836678;0;4667775,144;2080675,062;2376482,71;833356,9865;2187339,169;123994,9155;1829472,227;394286,7506;9717,58849;1894175,995;2246617,978;778143,1537;1011570,633;19,64278152;867525,7082;215479,6342;434895,5281;2942155,584;1366478,889;655664,623;790015,7385;1256709,581
PPS;9;R3;6938332,432;1352584,8;32115,32937;556816,8625;452089,4573;918938,3031;0;2066629,006;2364418,318;35,18769287;12361,5642;2399,211652;1,43E+07;308085,2834;243955,6342;294430,845;0;481680,8878;0;213514,5071;26,46832489;403,6902887;0;0;2544,088716;0;1217057,646;8297,706438;28,55402985;33,67793335;16145,13096;895485,7705;49487,14438;187083,2119;30419,5722;36551,0246;0;0;6679,173012;709521,2508;20023,32622;47056,52487;5400,55796;0;5372227,976;2320458,958;4032521,267;914488,8566;2076002,648;109666,6931;1759435,725;633226,8248;5912,623176;1796613,787;2076346,235;799507,1845;1099122,347;91,25343933;1100675,66;50706,46823;415539,6936;2895329,135;1495001,584;732507,0181;775047,9325;1141538,695
