row m/z,row retention time,SCCe0124.mzdata.xml Peak area,SCCe0125.mzdata.xml Peak area,SCCe0126.mzdata.xml Peak area,SCCe0127.mzdata.xml Peak area,SCCe0128.mzdata.xml Peak area,SCCe0129.mzdata.xml Peak area,SCCe0130.mzdata.xml Peak area,SCCe0131.mzdata.xml Peak area,SCCe0132.mzdata.xml Peak area,SCCe0133.mzdata.xml Peak area,SCCe0134.mzdata.xml Peak area,SCCe0135.mzdata.xml Peak area,SCCe0136.mzdata.xml Peak area,SCCe0137.mzdata.xml Peak area,SCCe0138.mzdata.xml Peak area
,,Syncom P5 Set 4,Syncom P5 Set 4,Syncom P5 Set 4,Syncom P5 + B. subtilis P5_B1 Set 4,Syncom P5 + B. subtilis P5_B1 Set 4,Syncom P5 + B. subtilis P5_B1 Set 4,Syncom P5 + B. subtilis P5_B1 sfp Set 4,Syncom P5 + B. subtilis P5_B1 sfp Set 4,Syncom P5 + B. subtilis P5_B1 sfp Set 4,Syncom P5 + B. subtilis P5_B1 srfAC Set 4,Syncom P5 + B. subtilis P5_B1 srfAC Set 4,Syncom P5 + B. subtilis P5_B1 srfAC Set 4,Syncom P5 + B. subtilis P5_B1 ppsC Set 4,Syncom P5 + B. subtilis P5_B1 ppsC Set 4,Syncom P5 + B. subtilis P5_B1 ppsC Set 4
641.5459198,9.276340278,9442623.116,9939516.543,6063734.058,6501600.317,3017761.093,3257434.012,1.25E+07,9676872.925,1.20E+07,7560474.382,6700011.626,6510270.55,3597313.01,9070007.635,6938332.432
774.4966908,6.542662069,1228571.223,1313688.24,1245479.255,1255558.201,1351248.26,1382667.315,1268832.485,1283327.029,1262338.778,1311674.631,1448986.554,1369519.018,1416655.33,1419169.921,1352584.8
300.1976181,2.887482759,110254.7955,40702.47641,53475.35583,68491.6717,20115.59446,29929.95393,27031.83198,26852.74306,21546.02335,37072.92871,34997.41292,31359.19346,27109.70994,31603.96105,32115.32937
625.5506561,9.684590278,445836.3237,429498.3664,440432.8154,522827.9518,298697.712,199620.4873,899653.6029,488291.7879,804184.4853,430965.5038,710582.5348,616824.2282,254145.8915,811504.053,556816.8625
229.1541057,2.226772414,167591.9603,185456.0497,263709.6756,298562.2903,507664.4829,231764.2326,276995.648,455565.8033,382159.8044,262790.682,341362.3696,543572.0683,323045.375,442179.0895,452089.4573
401.288187,7.545159722,37.87854492,105.2076215,32.7572644,0,40.7844635,190.7740009,21.56113586,28.79114227,32.11640259,38.51280121,47.63191772,25.2461618,173.8229883,23.72760132,70.0147197
313.2344533,7.412875862,196.3583762,428.5733899,339.1781781,389.8353928,638.5984955,167.3175888,919.8416858,122.8117218,398.316871,251.2407056,495.8505103,430.3333502,464.5096371,226.6641861,830.3467712
194.1173518,6.664358621,36469.74084,22118.00732,26868.45906,31701.68559,16885.72939,17146.28829,19155.75383,15830.53552,28517.83046,16903.38905,29780.88194,46771.48192,30894.90281,38246.67988,45772.8127
627.5300261,9.150377622,957149.6779,1004619.818,1191244.402,869094.5407,508412.1118,408153.8668,1241432,666950.324,1083480.283,585637.2189,1106704.1,738085.085,437785.9018,1194159.606,918938.3031
795.334457,6.441928571,0,0,0,0,0,0,0,0,0,0,0,0,0,0,0
357.2606668,7.431565517,658.4026968,67.92049805,257.2590198,65.0197641,54.13483521,147.6960663,87.51230347,125.3297433,165.7116431,63.22384369,162.1782166,97.95287842,145.1859686,769.3407944,71.41240952
1036.690329,9.278568627,0,0,0,2373719.672,2357097.097,1896796.393,1253.910081,0,0,0,0,0,1525665.275,1659633.795,2066629.006
1058.672072,9.278311475,635.2592944,0,0,2446587.056,2505197.745,2672221.567,17734.89263,7014.823166,1964.444257,3032.521192,0,0,2694726.999,2311432.452,2364418.318
530.2964655,3.920742187,33.06522583,0,27.52809082,1063.762936,169.6495825,36.92162842,20.16783737,247.80957,20.53105362,38.52876709,251.8701562,44.22499878,23.04003296,90.31926178,35.18769287
522.5960329,10.64482759,3328.630712,4846.477179,4297.54305,8598.202747,41586.0888,35203.09411,8921.460924,12135.12702,22724.35675,7439.37884,6877.962054,8118.91191,4904.004774,5803.890878,12361.5642
494.5649075,10.37325517,2245.537278,1701.056471,1298.519812,5094.291702,22346.30288,12395.01116,2220.893272,3735.179191,11481.38371,1167.527191,2086.377094,1501.102793,2481.912732,1048.029437,2399.211652
282.2789767,8.896468966,2123630.865,3601144.099,7475665.123,1326317.348,580359.9031,1072254.009,2443628.835,837552.0168,1.09E+07,240441.9096,1975898.358,1718579.869,7198935.719,1.38E+07,1.43E+07
1022.674478,9.087192308,0,0,0,319228.7396,332446.5161,194399.4659,0,0,0,0,0,0,135561.0172,204712.9077,308085.2834
1008.658794,8.839794118,0,0,0,264741.7896,216942.3592,157567.2655,0,0,0,0,0,0,89576.10521,167483.1968,243955.6342
1030.640554,8.850352941,0,0,0,300195.3795,233356.3453,154545.0077,0,0,0,0,0,0,86348.02531,196378.7583,294430.845
459.260704,3.426186275,0,0,0,0,0,0,0,259.74,0,0,0,252.9832141,0,0,0
261.123509,2.553413793,1065492.456,1185361.895,2535892.367,2733820.485,2651450.526,2001368.176,2544689.181,2959093.339,2538876.315,2373564.685,1740307.152,2631335.696,2678571.431,3262245.179,2983059.581
409.162015,6.497446281,32.12504242,144.5160059,206.1245403,255.5101309,163.4790967,522.9785138,220.0383865,49.53796143,23.49334808,240.9853802,273.1270715,475.2796097,197.8847864,1201.721982,227.8266724
655.5614503,9.265868852,87250.69719,61927.08746,71841.64709,427455.6435,235008.0829,160845.9316,547143.8499,363167.3883,537710.1709,171020.2525,494542.5915,284664.8174,36639.44352,478908.5136,481680.8878
1129.765992,9.269291667,0,0,0,0,0,0,0,0,0,0,0,0,0,0,0
445.313131,7.541326241,45.8528476,51.63571289,77.51688538,26.46737183,36.93086884,121.786864,137.7882422,56.09649399,30.00981079,18.6514563,31.4498996,35.97218262,23.00699982,116.1003973,177.2794629
626.5540006,9.683902098,172288.26,170270.5665,167672.7357,253404.2421,88510.65219,95821.31273,363736.8226,186200.6469,320579.7569,164709.6515,240567.4539,235431.3035,99937.62615,319047.8464,213514.5071
489.3390975,7.535394366,169.761492,18.10008408,0,38.40963501,18.84528946,40.38756866,31.12810455,29.22101807,39.91710938,25.13883087,28.7316156,30.99240967,22.2440625,23.08679901,26.46832489
385.2437411,2.682984496,0,223.4414864,264.6095407,858.4266536,240.1819409,0,252.8421021,370.0542755,326.5615027,294.4251906,540.567453,886.1605737,238.6932056,277.3050499,403.6902887
558.3277003,3.7447875,0,0,0,0,0,0,0,0,0,0,0,0,0,0,0
659.3389682,3.572855072,0,0,0,0,0,0,0,0,0,0,0,0,0,0,0
387.1843008,6.630585938,0,149.510874,272.3216052,337.6643857,123.9472046,240.5890338,490.4634558,20.03067719,1255.145706,81.62102051,0,416.8603455,920.8976917,319.3132764,781.4432117
643.5252646,9.099208633,152749.848,159918.1476,167386.5202,70644.94467,42721.33459,31976.95239,92564.68938,65300.90426,96275.98613,66434.05604,116463.0091,92716.43048,30514.68543,80099.69759,67487.41299
388.1852086,6.555184615,0,0,0,18.47050598,0,0,0,0,19.77000046,245.2814127,0,0,0,0,0
430.2432641,3.915572414,1130454.51,979722.7227,1105387.93,1083159.672,982497.5793,970728.0557,1018714.006,1186162.707,1100134.689,931453.1563,988831.3952,1580093.967,1205424.133,1239774.804,1217057.646
425.2749142,3.23017931,9081.621808,9438.613068,15092.00549,10755.29798,16173.76496,7803.549717,10279.17389,19415.59575,14367.84567,12855.11123,12903.35749,17625.12151,14325.35285,16576.53305,15862.38865
362.2973778,7.086627586,18135.47206,3955.611573,10129.8574,11700.69098,6627.841234,471.2744788,4298.580303,11447.71525,10926.9783,1126.200718,2761.274659,8772.036954,189.0482281,8026.994377,8297.706438
533.3653318,7.534064748,32.7132312,28.83979431,20.05938034,36.38675171,0,121.959402,0,31.44315674,56.01242798,27.1689624,23.84321045,134.6024762,45.48288116,29.67245178,28.55402985
267.1221666,7.011428571,167.4635284,31.7375354,333.5119849,26.12689453,18.18594498,22.09278625,26.85964417,30.72370972,88.41691772,34.78039307,30.16023926,30.42519104,108.7934431,0,33.67793335
629.5092681,8.848046875,53968.44546,61211.37617,61058.22937,19540.81972,10092.84181,650.8638098,26168.77247,17790.02204,25292.90188,8060.634562,27905.78498,24449.62368,6888.661705,19965.94942,16145.13096
764.5352709,11.29272308,2127596.216,2082668.17,2127133.867,583614.7776,2169767.298,2166246.701,2041227.923,2246061.77,793379.3642,823444.0842,2901801.34,2242690.659,792548.9001,778143.1537,799507.1845
722.3922176,10.9343125,0,0,0,0,0,0,0,0,0,0,0,0,0,0,0
726.4959777,10.55331915,676.4888351,324.4700995,1388.359704,398.0462659,975.8353143,1370.108914,500.8845602,543.6737311,347.271232,1004.519308,581.0046721,814.8804053,552.56405,441.2423438,918.3543484
690.5040284,10.37464138,9799.370894,3148.769202,7874.637433,5818.334163,5571.012842,3183.121317,9117.365468,5094.014989,6419.298419,9268.784153,4357.2661,4219.991482,4793.752929,12588.44172,8017.385336
455.216218,2.535641379,1522.004152,1486.054248,2570.846792,3965.46175,3597.348643,586.1604309,740.8474805,1257.566616,1856.548488,2682.074647,4595.531136,4594.675437,5387.205612,4104.183902,1648.325889
481.2611339,3.063937931,55616.54578,116341.7836,18254.98478,15251.60098,159519.2201,54182.82352,68415.6946,124683.5542,142867.4307,43345.66993,57976.9347,16822.53389,33366.19707,19293.76177,49487.14438
657.3659927,3.519593103,38514.51708,57252.9838,6267.358077,6342.615793,123183.7775,35093.72984,43909.71257,83544.73879,65184.4813,26658.60911,28224.14489,6849.412029,20559.73815,7233.322097,30419.5722
716.5207109,10.34315972,321.9184497,1480.658937,490.0410937,1272.87751,1374.207204,464.7570699,744.3937051,3468.035978,809.5146442,1665.253452,632.8425916,860.364549,508.2825284,434.0125854,970.2007224
639.5302072,9.041598131,251323.4131,263385.0753,268910.832,204777.173,95768.01118,91853.50838,362700.2095,194408.1982,279273.1692,155738.3517,271056.3858,180895.9802,94829.93857,276522.6795,187083.2119
763.5171965,11.33831034,65283.66112,64408.32031,59888.96374,59004.48069,63717.78498,43636.47042,60425.35286,66508.31009,36740.47101,93253.77125,89475.20367,89407.45919,35937.10219,80941.53174,37623.41931
183.0913253,3.267303448,390667.9796,429074.1097,572608.7922,541381.5506,581824.7655,410214.7644,515212.9131,608724.4927,592831.7212,475798.3986,590356.5921,584303.0444,549458.4699,719792.6011,705022.0972
437.2351624,2.894468966,38900.54446,84277.37198,14487.97765,14366.56729,116046.739,40164.96489,50442.84705,83983.38309,135278.3371,37230.09409,48777.14867,15682.07614,24845.54988,16041.90013,36551.0246
599.3896073,2.870193103,119387.1764,37722.98919,54340.29362,65861.67499,21173.88605,22684.53669,22683.61586,22465.02059,20373.87764,37358.32795,28784.61737,26767.21723,26962.29594,28280.71257,27514.76541
754.5237053,10.846648,267487.5443,159954.6508,231752.1149,223810.3293,193474.7282,147236.3705,165026.9999,241022.9082,183492.9909,152885.4808,170752.5691,229780.8829,161239.9134,200222.5284,181442.999
243.1336743,2.747468966,17441.49422,17036.64903,20757.8661,8590.248133,17023.09457,8125.63275,10171.28977,26165.21963,28801.93315,13128.96484,10181.59928,13120.94216,11147.05028,12183.17674,16187.91484
701.3924652,3.580710345,22253.5204,30244.54141,3785.143815,4169.61425,77296.6356,21718.84282,31080.00833,51662.28591,37820.94332,17505.0366,16672.48076,4297.260039,12459.03107,5022.474183,16578.79297
750.5211626,11.28911034,222835.0837,226287.4572,216158.2245,74157.94178,228877.6935,99254.34363,84157.31387,232931.9828,95933.69973,96300.70732,321947.0145,87733.28928,95384.67775,93688.80644,98313.88762
477.3433451,6.554813953,232106.1901,241665.7029,237987.9984,238804.6192,253003.5584,250002.3175,247127.4547,248213.2984,235875.1497,247031.5838,257221.6116,254109.6385,258022.2657,267401.9419,244326.9339
613.5141821,8.900181818,179937.2452,204770.4769,205036.5943,126942.6107,53901.42971,59991.34856,218231.942,104144.9376,167129.2163,100785.9027,172878.015,119088.0501,59060.18546,190961.9633,132581.493
393.2098535,2.720275862,30598.38955,58019.00359,18081.11628,13294.0805,84273.96726,32802.77196,44397.96031,71507.12556,145233.8769,28869.9218,48804.88646,19205.72286,23136.93933,17293.85296,32767.28537
229.117685,2.141227586,60008.9647,55899.3743,82361.33839,122741.9719,118397.8394,84940.12114,115922.5619,138636.6033,110258.7996,101026.5297,128715.3051,110731.3583,106995.4267,136001.9691,132453.0594
712.4849509,10.48808966,25407.71133,34947.12875,27731.54357,30838.1902,5055.489628,10246.07279,34611.99263,13939.9433,9043.788164,3202.332642,23181.09396,16366.37207,9820.611925,13858.66203,17291.81681
393.2857903,6.5494,697517.8103,723236.9607,699678.5709,716559.2326,732616.9349,757455.3341,714844.964,712651.8931,726073.9688,726281.3552,784036.5525,764305.7793,808672.4899,790015.7385,775047.9325
487.1614053,6.790947368,0,0,0,0,0,0,0,0,26.42980957,0,0,0,0,0,0
465.1799564,6.781941176,0,0,0,0,0,361.7160718,0,0,0,0,0,0,0,0,0
655.5243421,10.62610417,218655.0214,231264.7775,232927.339,200090.6316,145418.3358,150186.5631,250378.1762,221012.7927,239606.7128,185532.7702,240434.3565,205117.2764,161425.853,229474.9022,202918.5231
376.3129703,7.563655172,6807.902849,361.7824832,1505.146663,6089.616116,2454.695768,335.4461536,1338.538929,3519.776732,1497.201352,810.8506183,272.5700757,3706.829683,295.6947327,1243.822355,3335.315538
784.4202929,6.619224806,0,1466.484142,0,1518.925417,1972.210873,2006.91547,639.1268683,289.816507,0,791.0288297,0,242.0119666,273.001507,358.366452,341.3979932
664.4875943,10.21537241,11364.90982,10390.44264,9672.381028,7126.824058,15594.90427,5834.032053,11923.72347,10856.3504,4440.217061,9513.336264,8813.167496,9896.904586,7477.426601,17374.18348,23759.62219
676.4891843,10.20161538,1620.919291,1097.362381,2293.987005,1030.432993,698.5739149,1894.022777,713.7563553,237.4309698,1784.690607,973.5039413,1078.24042,511.4336435,863.8819894,794.6553813,769.6238525
650.4731846,10.10227083,2010.55657,148.6533984,279.891709,1287.583836,596.7491162,445.7900629,355.3565552,513.8724985,808.4076489,159.7962451,679.4449722,50504.52736,36569.23311,1169.703988,1442.772098
284.2943734,9.278158621,203767.9372,523301.2089,1518838.33,81655.5327,44305.73922,96535.37391,278060.8755,110093.4866,1765224.741,60108.44604,415247.3972,178494.5183,576343.8324,2080675.062,2320458.958
662.4742104,10.04006923,0,231.1203076,142.7834454,0,23743.16547,107525.9845,0,27817.51705,201708.2652,131810.6804,143512.8485,138592.3413,0,0,0
349.1829592,2.523,21393.96475,44899.67877,13753.93697,12352.53724,52728.62561,24066.45998,31649.42291,38757.72367,118628.2399,23173.79305,42548.64374,16079.81815,19514.1306,19604.38746,31475.0235
661.3016023,9.189925926,0,0,0,0,0,0,0,0,0,0,0,0,0,0,0
708.3784147,10.31311111,0,0,0,0,0,0,0,0,0,0,0,0,0,0,0
688.4892075,10.18478014,2712.512673,1562.033729,2758.865875,2154.654064,288.2964194,1690.473539,2331.484968,581.3169397,0,1781.88428,1731.917694,211.3060707,913.7711783,1842.591482,251.69625
302.1963355,2.075324138,60171.56323,41011.88082,64743.01899,65180.31194,68379.21877,59755.67996,44319.6289,55991.37966,53039.12116,44587.51735,52684.39049,107801.728,56337.89518,44960.84606,52325.71946
415.2114625,7.080841379,1179514.147,1051573.066,935685.1795,1114823.005,1040032.407,958802.389,982262.3085,965427.5704,1116558.811,875779.2545,832855.1722,1234537.924,942458.2157,833356.9865,914488.8566
437.1931143,7.080572414,1039900.964,858804.5578,818154.7237,925057.0474,928997.1665,966693.2673,877073.3355,837349.1284,900728.9367,805786.4984,781598.4925,1015733.332,948731.2217,778118.4251,824822.8516
635.3391204,3.1724,0,0,0,0,0,0,0,0,0,0,0,0,0,0,0
326.2067732,2.647296552,7023.433793,6223.792943,5251.720353,12077.36554,25325.90649,7494.974704,27901.64918,24969.61946,19008.99264,18959.07049,6072.777729,28457.96097,4845.953412,17644.75165,23878.19263
755.3926065,3.212402985,0,0,0,0,0,0,0,0,0,0,0,0,0,0,0
376.1860149,2.283,0,0,226.7167827,341.0097711,299.7829715,616.7215379,0,652.7486646,646.3205283,366.4848697,348.1583725,354.0842825,298.2210851,1515.79897,1499.812982
514.2862123,2.991556701,0,0,0,0,0,0,0,0,0,0,0,0,0,0,0
414.234171,2.181775194,0,238.7679987,0,348.0474481,318.328266,266.4397321,489.5941864,2024.132445,480.0121198,328.8001355,1152.576652,661.2838092,374.8812039,536.2165585,767.6424207
657.3206881,3.189936709,0,0,0,0,0,0,0,0,0,0,0,0,0,0,0
639.5298661,9.294422414,181041.3016,208092.9005,216063.3243,145637.82,74954.13261,73130.94108,290207.9404,156805.9116,227949.6342,132154.8081,216060.8509,159128.8171,79400.25539,209290.1781,148925.541
722.3929261,10.30511111,0,0,0,0,0,0,0,0,0,0,0,0,0,0,0
553.3332754,3.208147368,0,0,0,0,0,0,0,0,0,0,0,0,276.6874942,0,0
655.5249467,8.99129,55637.61669,51222.89875,59390.16765,25420.15024,14488.86278,8868.35198,36329.92206,21698.68417,29460.77487,13140.16089,41089.91306,30760.54205,11139.03481,26830.22351,20023.32622
568.4929079,10.90248872,39865.53879,39688.9086,33721.86173,61284.36932,39404.55541,24725.80333,95424.61765,54125.20863,93488.87882,49033.24213,83732.04022,80411.2421,28539.0048,75860.82565,47056.52487
611.4989985,9.01225,0,0,0,0,0,0,0,228.485343,0,0,0,0,0,0,0
417.2135808,3.238080882,0,1473.158228,1748.657798,713.5651318,2097.513632,325.9628705,806.5984973,1802.957382,2698.61024,1580.076982,671.6561243,933.9019821,4854.340684,7525.737723,3486.495176
625.5153512,9.213601695,2645.512152,1825.820936,645.5986853,2024.64589,293.1194202,827.7903479,2554.182225,2186.929688,825.434729,612.042562,264.3127286,1077.050277,1112.300571,0,904.1877576
475.2540434,2.849911765,0,0,266.3625064,1075.210802,1536.670598,242.5947597,374.3026208,1156.565539,329.907226,232.2228149,947.2909561,480.0284198,746.0038687,1258.093901,1713.051069
186.2216034,13.21473103,123439.4726,149241.36,110057.4196,245987.505,324649.7385,489463.266,172446.3766,337419.2327,135530.6638,191407.5899,187296.0551,135353.8964,137585.822,109303.451,54724.13414
256.2633433,8.675117241,426930.69,1113498.559,2768613.352,280205.9659,128207.7862,295980.073,607285.3749,211854.4055,3532834.109,107070.2314,798851.3303,361533.4326,1739556.358,4667775.144,5372227.976
310.310119,9.427758621,300917.7933,592999.7709,1413424.292,156483.079,111508.5385,151244.988,441446.3071,132541.3288,2475218.593,96776.95342,327910.1152,136924.7957,1250659.033,2376482.71,4032521.267
459.2805483,3.800955752,340.7768701,523.8113223,669.2398709,1261224.763,1760520.849,1050979.813,1219.080932,302.7164392,1121.918717,1005.555702,1956.952059,865.4693765,1279716.195,2187339.169,2076002.648
245.1858474,3.38642069,1742.946089,1382.494532,1530.191093,73890.69409,93176.53023,51433.95728,7016.397308,10846.06386,8700.374791,8294.395129,5278.617063,5544.226904,68546.65111,123994.9155,109666.6931
664.4899009,10.42908966,882173.0602,858637.1901,823327.4697,1533140.687,1203692.189,1007349.791,1300628.599,994004.3447,1389087.728,1184267.937,1197212.518,1076905.653,863963.8795,1829472.227,1759435.725
676.4900274,10.34513103,658460.3939,588672.9938,608244.6344,713700.6228,530452.8556,436457.1997,678480.5809,479010.1788,713846.867,528115.0408,532280.5945,486696.294,372449.7882,792821.8287,709521.2508
1054.700657,8.5724375,0,0,31.08172852,614438.5834,664828.8824,383454.8746,1498.645486,22.05585846,29.77887085,417.2297278,177.8844177,103.9077631,333086.1342,394286.7506,633226.8248
417.3319708,6.551517647,3066.245647,1040.023812,7471.472252,6801.242581,4583.964364,2548.015201,9549.969437,4255.631615,6867.91869,8144.181083,19341.32113,10267.28497,0,9717.58849,5912.623176
138.0547406,3.440351724,946335.2181,1272404.263,1118229.713,1933342.633,1541940.705,1445186.561,1572482.4,1575106.058,1363683.778,1338095.221,1730544.522,1817445.532,1520046.065,1894175.995,1796613.787
120.0440284,3.457572414,1017723.2,1461095.639,1248947.187,2217788.764,1738128.05,1620228.263,1784366.182,1849393.596,1590268.909,1568018.313,1927832.202,2044203.391,1873501.277,2246617.978,2076346.235
229.1542331,2.463903448,167591.9603,185456.0497,263709.6756,298562.2903,507664.4829,231764.2326,269591.9691,440448.5427,370762.6068,260422.1884,332653.0523,535329.6741,323045.375,434169.1718,439331.4494
851.397317,7.08097931,635786.0062,519495.1121,472012.9288,646344.24,568955.0271,503234.5241,541616.2461,496357.5685,568968.8829,486178.9553,451412.6494,653122.158,467759.3525,440774.7694,468219.851
671.5557274,9.424602041,25997.76997,30774.23585,39258.83205,12532.22912,9215.163063,10259.95152,34346.94499,43811.03656,40987.90646,34923.42441,50370.65483,40553.59898,4957.671716,37819.66839,26496.27428
360.1915896,3.147075862,27009.12334,46147.65884,100975.9568,54242.59076,91406.39431,27054.04938,45604.74056,84686.74359,50394.46005,74883.96015,108552.1882,63314.24813,44209.15654,99424.53015,74924.60326
704.5180548,10.53475172,4194.238227,4833.843653,10182.12808,5387.866571,6654.709985,1322.157966,7812.792314,4832.822682,7396.886808,9688.444763,1348.762256,6105.562999,2117.425713,6105.519545,9916.318635
617.1175063,9.931236842,0,0,0,0,0,0,0,0,0,0,0,0,0,0,0
752.5145436,6.544648276,248913.5484,295464.5158,260184.6318,256193.583,297890.8258,326970.756,283481.9824,286254.0812,255204.8685,271897.4953,348680.2582,310312.6267,355221.4722,368649.0822,317853.899
610.1831475,10.70127273,0,0,0,0,295.1415692,848.4496097,0,315.78,0,247.4772729,0,247.4891524,273.9242505,0,0
572.3649215,4.641269231,0,0,0,1321259.219,1250185.836,707560.3617,111.5549634,0,0,0,0,0,772866.7034,1011570.633,1099122.347
349.1713221,8.532980769,0,0,0,0,0,0,0,0,0,0,0,0,0,0,0
349.1702303,6.307356436,82.06000168,30.9787262,67.68208557,0,25.08007324,124.0210693,0,18.51666641,18.90085831,0,25.0992865,27.24468933,38.14831787,19.64278152,91.25343933
481.313217,9.078099291,571446.911,604554.7149,570343.6579,357241.1801,364560.3905,465382.7728,532679.7811,577843.0266,635955.8121,581482.08,611843.6883,667378.8745,605761.0088,434895.5281,415539.6936
300.2164941,3.148492647,698827.7841,428663.5201,479635.4586,606594.7252,495894.2798,650996.5324,469270.6899,456667.0428,595363.6241,452811.5876,417934.6855,612122.7946,508556.7963,449775.1276,467712.3924
687.5206022,10.97901538,189402.0289,181473.604,202980.3358,186110.0734,143464.3686,135037.4266,172821.5876,208709.3738,201931.6059,138305.5444,154119.9779,178013.3772,190625.1276,197051.8165,190699.5546
756.6081174,10.66307317,6894.308245,14388.26041,10020.06927,8165.814208,5009.026036,4136.83634,19151.63704,7881.943426,11596.30719,6295.716128,7841.132341,7562.067514,3778.322033,20552.47716,15871.6603
236.1407136,5.122558621,322213.5532,321872.7341,289257.0843,279833.5009,177759.9337,269521.7892,233750.3865,200060.2793,319320.9868,221599.0368,228986.1079,391350.2424,307185.886,232781.2528,231961.6061
255.1586441,5.855806897,281564.0916,297142.656,266323.9074,316216.8745,276027.1017,298427.8459,287092.3252,322656.9708,382331.7178,282888.4517,308700.5804,457809.3428,341048.2286,376757.3196,352027.0335
600.4154448,10.24366429,177263.8922,166653.3726,164909.5797,159104.4355,157687.8219,188391.76,151449.9963,186737.1653,193768.0991,152799.9767,166121.6537,174653.5767,218374.3337,153872.4965,163609.8228
748.5402477,11.07512403,180660.4937,225984.4092,179188.3322,178405.0379,172185.4609,195790.0858,197233.9496,190053.3326,184014.9736,138572.75,154597.4013,155124.2819,178336.5803,153012.6776,157896.5154
553.2553956,9.772937931,674657.8216,275249.3388,330085.8701,236344.3255,394118.1758,262957.8457,162377.3969,398937.9063,224954.9138,173561.7739,207477.0557,482352.1422,286349.0773,270542.9113,296706.0637
717.466435,9.88335461,9254.116915,118061.6856,71481.67171,65036.47616,196143.6347,121533.1461,39365.49733,122300.8079,40720.68774,113911.7843,1153.904918,116879.2717,146528.0051,10388.80322,131355.7807
597.5194365,9.330403846,38786.65861,39098.90659,32410.62284,9616.826521,4402.503863,4544.839838,41675.94029,23726.67106,39382.8639,22352.46777,34146.78573,34979.78908,7128.332869,11446.91728,7155.496392
229.1006926,2.797696552,40363.81934,25303.86746,136055.9687,199028.0509,210923.0672,90785.5639,135102.3124,230225.809,186150.7404,99744.98301,224897.3879,167025.915,163144.4432,334174.8415,254711.8754
360.2129358,3.636643939,2005.436858,2217.856892,587.9310196,629611.2516,776924.6264,403451.5207,1625.887511,5156.67839,4232.918789,2559.286405,1413.575411,907.594585,649998.5207,867525.7082,1100675.66
284.3305925,7.776703448,129345.2425,465622.3668,237396.8898,203991.8492,18967.21207,106966.3966,72293.59206,784292.3772,526801.3275,80907.03332,219072.6046,204215.1151,64755.15053,215479.6342,50706.46823
280.2631834,8.587186207,205324.9548,283896.4971,733592.3728,89278.73976,39349.00299,84633.00983,188023.1996,65625.60234,1715519.055,12402.33862,131937.22,47208.18088,822923.5755,2942155.584,2895329.135
563.5503836,8.918619048,17058.0542,31966.32043,251027.5736,5263.129255,239.8255133,1983.016645,21961.54315,2034.209864,681691.185,0,10942.06488,11977.10349,230539.1766,1366478.889,1495001.584
393.2958549,10.0826069,50342.64169,138452.6983,66625.5914,43175.1923,11916.24066,30115.10493,41456.3044,15507.02345,476897.4976,8826.466085,14136.97133,13769.19365,424735.7379,655664.623,732507.0181
311.3132417,9.427310345,58201.18417,112032.988,287603.3943,31580.52699,23273.0776,30192.96382,88480.56952,17506.96766,501821.8622,13731.78107,49385.20502,20941.43245,253606.5893,819881.8201,888310.7024
339.3445344,9.897434483,625535.7687,580382.9134,561626.2541,565392.1146,548881.1452,504558.7448,620414.135,563948.3641,657485.8303,502416.3757,621788.6914,822579.5858,632405.7487,1256709.581,1141538.695
714.5448453,11.22311628,117310.8409,106014.8169,96161.95745,99718.6889,116119.4062,93129.86255,99206.70013,118619.5856,70005.35085,54784.26975,61150.05593,64228.66266,64281.87709,51280.89563,66647.6202
762.5197184,11.18281538,81236.34726,83140.68456,76451.65052,75847.69412,82162.10598,80986.10276,70705.65104,87182.52232,67380.52813,57637.8589,60899.41276,66746.66153,62894.11693,48423.10409,68139.03451
1347.881292,11.27997931,510425.4359,482529.576,454421.3818,452845.6126,421057.116,455556.2697,493170.3939,516875.6325,492526.8828,460665.3573,458173.7729,495753.6823,509523.3834,480461.1195,484094.5129
708.4721887,11.05072868,109582.9263,122598.8483,108402.7466,97143.07209,107045.4378,98307.08756,107483.3939,122520.7232,128235.2228,91700.60728,104326.7355,95238.38964,106785.0939,95432.54541,109752.1896
745.4183547,3.6962,17342.732,24593.61189,3079.27641,2737.325988,63566.58811,16028.47525,24753.00563,42355.82945,30832.66407,12971.31693,12969.92922,2762.009713,11170.22469,4325.721897,14645.61681
305.1567974,2.290206897,16658.43215,38806.84662,14766.01364,14874.93289,42175.57093,20787.92594,24008.34325,34252.56043,82663.34496,17790.33497,30610.45908,15624.40094,27481.00686,30127.56937,39750.20586
547.3317908,3.314235714,7500.596915,13033.29296,1454.080688,769.175332,24806.4895,6654.419154,9912.207044,16114.09296,12555.82586,6120.168018,5182.433701,1025.503848,3182.317863,1322.159266,5092.415383
503.3054678,3.183226891,7906.855518,12489.58852,0,590.3386249,19970.19345,7274.165673,8825.235924,12750.4798,14915.43025,4894.735129,5288.891722,0,2917.556689,958.2923914,4902.003712
1044.656489,9.166904762,0,0,0,424107.9859,414306.1187,186685.586,0,0,0,0,0,0,364482.8734,287288.521,428953.224
459.278832,3.044166667,5819.097409,11402.2579,1754.206711,743.3161816,15449.41164,5592.000704,7805.05231,11517.34308,15131.03637,5146.200446,5876.14751,1313.110851,2920.00056,2127.411785,4089.652366
591.3577514,3.419683761,7875.738507,15197.12648,1142.851951,0,27387.31989,8712.842021,9975.925031,16942.22591,14751.37478,5704.076501,6173.802616,1232.003976,4894.461671,685.5737622,6651.302845
415.2535415,2.90077931,6566.695575,8443.568166,3123.573809,2379.858789,14742.24519,5161.830983,5846.994237,5979.120637,17026.61914,5653.205248,7639.649354,2825.7338,4080.871382,4695.458708,5056.645977
244.1902628,5.073241379,33642.35601,33720.86208,35997.70898,28619.20928,39843.4233,33829.80093,40950.74803,36706.90744,50926.96357,31416.27506,36860.77555,53395.47791,53763.40853,65303.83761,53722.01429
789.4446621,3.770763636,6514.747802,9193.846323,869.3510651,1240.303997,26054.57996,6210.035525,8902.091236,16125.88541,12172.68313,4600.986202,5207.727088,1324.313122,4522.133272,637.2691846,5426.064293
520.3322096,3.186808,7853.540681,14121.3108,962.2679187,397.0046521,23085.48417,7887.221743,10360.01571,14968.87503,19526.96873,7304.440953,6489.376631,2212.686021,5776.581063,328.834823,6519.068773
635.3842688,3.515582524,3567.652308,6188.784329,1038.616204,458.3940765,14101.02415,4153.49922,5947.942939,8973.312065,6676.712532,3693.19615,2409.290208,644.9765094,2275.671702,667.5745093,3553.554836
406.2173063,3.781304965,17853.22429,22395.31065,3251.040843,2627.838214,32900.12341,10416.83973,18414.45379,21449.37728,23867.11039,11514.91532,10085.17082,2492.109442,7099.479341,1267.508683,6587.528705
608.3842939,3.388318182,6529.820648,12115.70234,362.001492,583.8377124,23449.1345,6589.091503,9888.843867,14238.42455,13843.27507,5279.666442,4938.644177,571.393515,4043.52042,627.0630396,6565.759074
564.358041,3.308957447,8330.715443,15033.05509,1033.965965,1140.76752,27770.26153,8821.376175,10646.66075,17619.4171,19096.96724,6719.43915,5203.207066,1228.037087,4678.563409,1380.284502,6731.267073
476.3059497,3.045896552,6841.506619,12141.37532,1813.26609,1771.808696,19785.6299,7245.46969,8551.926033,14535.43289,18945.92955,6026.080321,6210.670745,1451.262653,4310.706352,1818.532998,6405.861861
384.2040449,3.695909091,17547.0872,24484.21586,1995.104143,653.0106335,34836.69308,13684.80273,19450.00594,23527.1459,21505.8027,9291.879492,8384.591912,2104.2829,8323.770805,977.654718,8516.847169
362.1915013,3.602241379,27235.81967,43332.43418,6766.553712,4125.452073,66714.80285,24896.08966,32032.08423,45245.99895,41087.50445,19639.96824,18410.65318,4234.807196,15593.72091,6180.478234,16815.19606
428.2289202,3.797662069,15354.45187,20401.94824,6594.979354,6020.296466,32554.06037,13479.02429,15750.10019,23386.30427,24920.58848,9408.191598,9481.999951,8939.22614,8009.264161,6086.711988,6415.754169
371.2272064,2.71462069,2685.681044,5681.550309,2016.97353,1649.69011,8541.683861,3707.115632,6295.206853,7011.271143,15502.2672,3259.25701,5486.663574,1180.25396,2510.133038,3469.377291,4028.745733
340.2103704,3.614816,4930.032295,5802.395532,0,356.1799493,13142.77804,3523.383073,6443.688909,9179.498628,6538.350983,2817.485102,2395.62426,978.8920129,1910.290375,374.8721686,3543.686122
652.4094246,3.524015748,5978.295207,8668.684337,596.0922757,983.7732184,21207.82719,5195.669771,7638.324696,11020.26563,10549.65253,4528.377579,5183.225715,1054.66302,3605.592209,1328.898571,5298.008342
432.2795921,2.893896552,5588.568142,10993.77502,2360.792875,2015.833327,17068.35114,4321.200664,5716.79816,10829.05522,22859.13085,4981.278468,6987.55597,1415.493552,3796.281731,2150.600746,6132.602425
450.2431804,3.931130435,4881.070622,7732.629137,660.91467,873.6761948,16813.05264,4611.059939,4193.008257,11158.95196,13666.54303,2187.44127,3163.12227,1601.87993,2369.390768,1294.139093,4667.734857
351.1997631,3.590475862,7756.543552,13321.67393,1362.237012,1624.379346,20855.56827,7039.100592,10218.68726,11592.93943,11731.04059,6475.566573,5182.579753,1969.544593,4841.82743,1942.616369,5965.536736
340.1793627,3.46537931,27106.40128,43182.42172,5219.534931,5228.568173,62661.99686,25082.43243,29703.18691,43510.98133,31794.2063,17385.40381,15507.22637,4201.803109,16856.72029,6407.276619,16988.76436
318.1941295,3.480902098,4507.289772,7112.147314,1090.845203,1677.2186,12808.18661,4812.84303,5666.44713,8531.441138,5909.135775,2991.838026,1465.486599,1246.07848,3085.151114,605.9218195,2141.408684
833.4704877,3.842835443,1987.082806,3501.115668,0,0,8312.032375,2486.119221,2925.35547,6360.607979,6674.485837,1384.387192,2822.254383,0,1053.622299,0,1879.638536
696.4366418,3.604901961,3523.904509,5183.396337,258.206348,0,13752.86235,3235.250819,5124.678815,6974.392771,5298.919058,2514.901741,2929.57053,1125.108066,2276.52019,670.5864917,2791.578807
373.2132051,3.677569343,4502.466764,8809.644015,299.3695386,683.7611128,14661.11143,6710.464614,6575.161741,8268.577291,9002.463114,5161.60169,3229.277555,519.6101111,2652.051671,258.8758003,2691.57332
679.4106328,3.610056818,2043.403034,2523.26837,203.1308665,0,6761.944422,2076.878776,2520.579721,4766.774251,3039.438428,1828.828052,1339.169151,0,1053.468475,270.6541205,1712.539389
388.2533436,2.723020833,2428.952248,6448.19091,889.5266611,653.5299445,8823.635203,3430.978143,3822.375022,6847.236247,16442.77183,4047.984404,4663.918952,2346.71574,2154.699423,917.8003555,4468.721091
395.2261933,3.779568,5502.134575,7239.979742,745.8347717,730.7656393,16008.19002,4983.625627,6194.704628,10764.49285,9652.479254,4541.167516,5017.278315,0,2388.642015,471.1694312,2885.893808
329.1867836,3.546628571,6514.63842,9309.828066,2005.531199,825.7678564,15216.19636,6071.706346,9458.936977,10381.10605,11906.22709,4061.784952,4637.550199,2383.08945,3764.795925,845.8031978,4996.167524
439.2906759,3.467390244,0,0,0,480.0418652,0,0,299.8215308,251.4209326,0,0,0,0,0,273.8964981,365.9486975
1072.687428,9.532636364,0,0,0,153485.0176,163826.945,80688.72921,0,0,0,0,0,0,62377.72329,111724.2799,155263.4286
414.2355359,7.202365517,106727.6342,125921.8415,115523.3868,104639.1688,116674.6496,121953.0218,126223.3952,128111.5699,105686.7827,126589.824,151647.171,130318.2048,149172.1527,150035.5969,130722.4311
994.6422234,8.753637681,0,244.5676158,0,4257.376503,2795.875048,1882.694373,0,0,0,141.6586954,219.8041548,438.8627042,397.9056097,1048.323376,1258.87725
320.16155,2.728641379,180589.914,117613.9335,124238.3368,160176.5929,123300.4384,127161.41,112181.0384,133888.7164,148876.7627,98137.10128,90310.22254,210428.0481,127187.5643,105885.1519,119056.2961
424.4135826,8.520310345,183951.2993,166566.077,114638.0576,175330.9811,117267.1016,189326.3423,121466.0635,104433.0932,169592.3711,93790.12587,120403.5833,96635.43013,147943.2737,99975.07652,120508.2157
416.2273414,3.25577931,336654.2438,220388.2805,247250.1414,316508.0079,224059.3536,252508.3508,265005.4863,257028.2216,274562.0865,207868.6773,103227.487,379535.4764,226394.4631,124653.2087,238490.3587
684.5090942,11.03587313,99379.91342,74041.98328,92209.56268,92083.2728,76498.4689,75194.05185,85469.59887,100115.0266,111558.1897,69628.43122,86893.76451,68927.63158,105400.9941,59039.69083,101733.6483
516.2944093,7.087442748,97216.68981,86958.2594,82280.27584,91490.67255,97625.67024,85234.53239,82061.42796,83320.87033,88713.26398,77028.03088,75269.45685,106061.4463,79467.33422,75200.20171,82539.50899
334.1775177,3.497510345,262858.7828,149928.0226,199280.1705,205312.1034,143398.1298,156356.2841,144598.5334,173049.5436,175176.6747,116815.6405,120012.3488,243615.0377,155317.5729,147708.0618,177437.9065
452.444724,8.958158621,133997.5307,118849.3247,80493.49137,119806.9647,82366.69984,123519.9082,95644.55235,81444.33054,109928.0771,67871.13173,87459.41135,83671.21111,99099.2894,56812.47557,59290.98569
412.3053872,7.183186207,77629.99911,28938.53103,43667.93019,70113.15548,45277.24022,37404.29387,37883.87262,54820.03018,37691.81649,27118.49184,30887.43477,74844.09277,35869.4547,49687.00749,47019.09521
574.3988408,10.09860769,80825.77572,93715.49489,75033.37244,81220.35074,70694.54882,77046.82042,65762.05803,69904.64948,76624.55108,54966.58991,57443.57621,57199.01454,82383.6766,53519.99064,62874.54444
642.4636749,10.60552414,43603.01462,33809.66978,40870.25745,48919.23315,38703.63555,39237.68013,35683.65403,46350.35939,48136.34287,32971.81717,31501.00005,37532.34157,50398.13752,27916.42495,51441.40945
537.3096352,10.00705797,317840.4622,306127.2803,292926.7783,311532.6361,257882.7954,273187.4827,279747.5715,282632.3867,383521.4219,282002.5541,309075.4829,335806.8819,335616.3963,373651.9294,375846.3879
560.3846959,10.15613953,73890.32485,32608.65967,48591.86085,75218.3587,93735.9364,18161.13433,15227.24345,133724.236,42849.21342,17336.5125,21199.22021,85648.89857,29795.35543,14620.74508,21498.01316
357.2144009,3.69717931,247348.5898,76990.66803,177197.8224,196291.6271,145637.2234,120943.0608,110687.7126,157740.4079,122031.3327,121924.4757,115679.7897,223276.9493,107596.4989,163214.4191,141758.8264
614.4317436,10.28060417,68697.08575,110596.2662,75836.04355,68106.49818,69615.69594,107540.2613,71525.12638,95129.18206,106207.695,88719.30236,100965.3,97021.62554,134804.6518,83083.39206,80604.50394
272.1850365,2.808193103,166167.7554,122651.9692,112754.2058,129771.7221,105110.6059,112837.7131,112095.5971,112487.0514,127461.9,103669.4682,98476.45808,151590.6115,106532.2132,111345.4798,120045.5729
751.5242194,11.28788811,109162.6724,99662.22271,99845.38164,36300.95249,46125.20427,146131.8531,104484.2338,110237.7692,42569.21944,44686.53203,46529.47034,52121.34283,43335.21001,40689.50667,43769.26576
1678.232279,9.291695652,0,0,0,178851.8164,107058.8506,109512.7442,0,0,0,0,0,0,108364.0675,226523.4147,187187.5441
401.3373451,6.674352459,21635.89524,13313.19497,23951.71273,31159.29549,24142.92751,21846.93574,84939.81327,35817.27429,45350.05155,45300.04796,129803.9728,56445.84073,24959.15919,63702.03641,31193.81415
611.5348357,9.561838235,104598.3388,95411.68302,104291.2986,110264.9746,49228.32844,40897.35757,148417.3962,70888.27712,112030.5158,63816.81604,121083.4043,77638.85128,46071.08233,124030.0702,82832.97162
765.5392547,11.27602778,1073050.614,1041346.804,1056182.854,379126.753,1065619.685,383593.8562,1045414.382,1059666.348,396439.3266,403772.1208,440263.8175,1118660.291,388474.1541,307388.1948,399233.5085
1040.684173,8.357319444,0,0,70.60175674,133659.5646,147247.0565,73346.63561,20.72234482,0,0,0,0,0,72153.01714,80480.6836,78121.98363
632.356656,9.771736434,108895.1091,50453.22963,56246.68994,40248.31291,76145.91329,45705.00306,27790.64584,71146.43973,34291.80304,31699.7902,35777.50519,72618.41921,48206.19527,41468.0664,47649.03174
625.3908738,7.86252459,0,0,0,26.28305786,0,21.78062485,66.35670776,18.56536057,20.43173035,0,0,26.79979889,0,0,0
581.3650622,7.892217742,0,0,0,0,0,0,0,20.6514061,153.4715465,278.6620468,92.63338074,0,0,0,0
537.3387383,7.908346457,0,150.2259421,0,214.7933551,26.93398682,0,27.31787567,0,22.25237366,42.79660675,36.07860718,0,0,0,0
669.4173408,7.858050505,0,0,119.5885327,0,0,20.36520813,0,0,0,22.84668594,0,0,0,0,265.3466125
493.3128634,7.918947368,0,81.42687561,118.8693457,222.0872415,0,19.4192482,22.70955322,0,0,162.2647485,122.9547089,21.09125061,0,0,0
713.443288,7.843636364,20.34346481,0,69.54918686,0,0,0,0,0,0,0,0,0,0,0,0
757.469837,7.818313433,0,0,219.9734198,0,0,0,0,0,18.09599716,0,0,0,0,0,0
801.4956991,7.820693878,0,0,203.2215944,0,0,0,0,0,0,0,0,0,0,0,0
449.2864952,7.922911765,0,80.79549683,19.71905548,516.0957578,0,0,25.74150238,125.5571521,24.19461914,23.04198853,25.13143707,69.33233734,32.30540771,255.3385977,364.3404135
576.4096254,7.880357895,0,105.2117606,0,0,0,0,0,0,0,0,0,0,0,0,0
620.4358864,7.855619718,0,0,0,0,0,0,0,0,0,0,0,0,0,0,0
845.5223095,7.785956522,0,0,0,0,0,0,0,0,0,0,0,0,0,0,0
640.4446462,9.843368,0,287.6884387,0,886.6696898,0,0,366.2495618,277.340625,322.3867072,511.7822516,481.3686768,339.5223038,0,0,0
582.4019492,9.591864198,0,0,0,0,0,0,216.0449313,303.0659436,224.0804938,0,0,19.17592163,0,0,0
698.4852197,10.05789928,530.3378769,239.0549977,19.45197235,1006.61826,234.0038026,309.5278125,541.8395856,1673.09628,696.7689532,0,765.9241644,460.6116037,256.3637622,0,0
553.3808403,9.467361446,0,0,0,261.6525613,250.7962555,0,281.7244647,322.9339128,290.7,152.3326575,244.2689072,19.66385742,0,0,0
727.5069111,10.19716505,301.0898712,0,0,0,0,0,230.5251984,350.7531674,0,0,0,239.685,0,0,0
524.3606303,9.3632,300.5054819,142.4308727,0,0,0,0,0,30.85793152,0,0,186.4278603,213.0468713,0,0,0
967.6889784,9.14562069,0,0,0,0,0,0,0,0,0,0,0,0,0,0,0
1025.731304,9.319545455,0,0,0,0,0,0,427.8986462,235.7384729,0,0,0,424.2321748,0,0,0
669.4643345,9.97439823,0,144.8217773,0,207.2046465,323.8270486,0,939.515928,729.3502753,0,0,0,568.0380515,0,0,0
909.6476427,8.983134328,0,0,0,0,0,0,253.0914771,0,0,0,205.4724445,0,0,0,0
611.4226009,9.735418919,0,0,0,0,0,0,156.3086865,0,248.6805038,0,0,0,0,371.1643158,283.119007
851.6062533,8.816428571,0,0,0,0,0,0,330.0043867,264.8677872,0,0,66.60093979,0,0,0,0
495.3375246,9.151979798,2377.106792,0,0,0,949.6171472,0,0,226.9271832,1732.55647,0,1663.641438,0,0,0,0
793.564215,8.568266667,0,0,0,0,0,0,0,0,0,0,0,0,0,0,0
102.0908987,13.47055172,153245.2577,107174.789,147783.7144,110179.4246,147812.4804,154404.1246,95161.75947,153825.7291,152159.1321,168259.2998,119912.909,124494.4708,107114.6441,145734.5157,133917.2524
753.4283184,7.051984615,0,0,0,315.7867841,0,0,0,0,0,0,0,0,0,0,0
691.1364036,10.23754545,0,0,0,0,0,0,0,0,0,0,0,0,0,0,0
