Time;WT_0.5TSB_R1;WT_0.5TSB_R2;WT_0.5TSB_R3;WT_0.5TSB_R4;WT_0.1TSB_R1;WT_0.1TSB_R2;WT_0.1TSB_R3;WT_0.1TSB_R4;sfp_0.5TSB_R1;sfp_0.5TSB_R2;sfp_0.5TSB_R3;sfp_0.5TSB_R4;sfp_0.1TSB_R1;sfp_0.1TSB_R2;sfp_0.1TSB_R3;srfAC_0.5TSB_R1;srfAC_0.5TSB_R2;srfAC_0.5TSB_R3;srfAC_0.5TSB_R4;srfAC_0.1TSB_R1;srfAC_0.1TSB_R2;srfAC_0.1TSB_R3;srfAC_0.1TSB_R4;D764_0.5TSB_R1;D764_0.5TSB_R2;D764_0.5TSB_R3;D764_0.5TSB_R4;D764_0.1TSB_R1;D764_0.1TSB_R2;D764_0.1TSB_R3;D764_0.1TSB_R4;D763_0.5TSB_R1;D763_0.5TSB_R2;D763_0.5TSB_R3;D763_0.5TSB_R4;D763_0.1TSB_R1;D763_0.1TSB_R2;D763_0.1TSB_R3;D763_0.1TSB_R4;D757_0.5TSB_R1;D757_0.5TSB_R2;D757_0.5TSB_R3;D757_0.5TSB_R4;D757_0.1TSB_R1;D757_0.1TSB_R2;D757_0.1TSB_R3;D757_0.1TSB_R4;D749_0.5TSB_R1;D749_0.5TSB_R2;D749_0.5TSB_R3;D749_0.5TSB_R4;D749_0.1TSB_R1;D749_0.1TSB_R2;D749_0.1TSB_R3;D749_0.1TSB_R4
0;0,088;0,088;0,09;0,09;0,085;0,086;0,085;0,086;0,094;0,091;0,101;0,099;0,09;0,085;0,089;0,091;0,088;0,09;0,09;0,087;0,085;0,088;0,086;0,09;0,093;0,093;0,091;0,091;0,085;0,088;0,09;0,09;0,089;0,09;0,091;0,086;0,085;0,086;0,087;0,09;0,099;0,098;0,092;0,085;0,091;0,09;0,093;0,089;0,09;0,089;0,086;0,085;0,088;0,086;0,087
10;0,087;0,089;0,089;0,091;0,085;0,086;0,086;0,086;0,092;0,089;0,096;0,101;0,09;0,085;0,089;0,091;0,088;0,09;0,09;0,086;0,085;0,088;0,086;0,09;0,094;0,093;0,092;0,092;0,085;0,089;0,092;0,091;0,089;0,09;0,092;0,086;0,085;0,086;0,087;0,092;0,1;0,099;0,093;0,086;0,097;0,088;0,105;0,089;0,091;0,089;0,087;0,085;0,088;0,086;0,086
20;0,089;0,092;0,091;0,09;0,085;0,086;0,086;0,087;0,092;0,09;0,096;0,103;0,089;0,085;0,089;0,091;0,088;0,09;0,09;0,086;0,085;0,088;0,087;0,09;0,094;0,094;0,092;0,094;0,087;0,09;0,094;0,091;0,089;0,091;0,092;0,086;0,086;0,086;0,087;0,093;0,102;0,1;0,093;0,085;0,102;0,089;0,109;0,089;0,09;0,09;0,087;0,085;0,088;0,086;0,087
30;0,087;0,095;0,091;0,09;0,085;0,086;0,086;0,088;0,092;0,093;0,097;0,094;0,088;0,086;0,089;0,091;0,089;0,09;0,09;0,086;0,085;0,088;0,087;0,09;0,095;0,094;0,092;0,094;0,089;0,09;0,094;0,091;0,09;0,091;0,092;0,086;0,085;0,086;0,087;0,093;0,102;0,1;0,094;0,085;0,108;0,091;0,117;0,09;0,09;0,09;0,087;0,085;0,088;0,089;0,087
40;0,089;0,098;0,091;0,091;0,085;0,086;0,086;0,088;0,095;0,095;0,098;0,095;0,089;0,087;0,089;0,091;0,089;0,092;0,091;0,087;0,085;0,089;0,087;0,091;0,095;0,095;0,093;0,095;0,091;0,091;0,096;0,092;0,09;0,092;0,092;0,086;0,087;0,086;0,087;0,093;0,103;0,102;0,095;0,086;0,107;0,094;0,123;0,09;0,09;0,09;0,087;0,085;0,088;0,086;0,087
50;0,087;0,097;0,09;0,092;0,085;0,086;0,087;0,088;0,096;0,09;0,101;0,095;0,091;0,086;0,089;0,092;0,088;0,091;0,091;0,087;0,085;0,089;0,088;0,091;0,096;0,096;0,093;0,096;0,093;0,093;0,097;0,092;0,091;0,092;0,093;0,087;0,088;0,087;0,088;0,094;0,104;0,103;0,096;0,086;0,113;0,104;0,134;0,09;0,09;0,091;0,088;0,086;0,088;0,086;0,087
60;0,089;0,101;0,092;0,092;0,086;0,087;0,087;0,089;0,098;0,094;0,091;0,097;0,095;0,086;0,09;0,092;0,094;0,09;0,092;0,087;0,086;0,089;0,088;0,092;0,096;0,096;0,093;0,096;0,094;0,095;0,098;0,093;0,092;0,093;0,094;0,089;0,086;0,087;0,088;0,094;0,105;0,103;0,097;0,087;0,126;0,105;0,14;0,091;0,091;0,091;0,088;0,086;0,089;0,093;0,087
70;0,089;0,101;0,097;0,089;0,086;0,087;0,087;0,089;0,099;0,098;0,09;0,096;0,098;0,086;0,09;0,091;0,091;0,091;0,091;0,087;0,086;0,089;0,088;0,091;0,096;0,097;0,094;0,097;0,095;0,096;0,099;0,095;0,092;0,093;0,094;0,088;0,086;0,088;0,089;0,094;0,105;0,104;0,097;0,091;0,132;0,13;0,146;0,091;0,091;0,091;0,087;0,086;0,089;0,09;0,088
80;0,102;0,102;0,106;0,108;0,087;0,088;0,088;0,09;0,098;0,101;0,092;0,099;0,102;0,086;0,09;0,092;0,096;0,091;0,092;0,087;0,086;0,09;0,088;0,092;0,096;0,098;0,094;0,098;0,096;0,098;0,099;0,096;0,092;0,093;0,095;0,088;0,086;0,087;0,088;0,096;0,106;0,105;0,097;0,097;0,138;0,128;0,148;0,091;0,091;0,091;0,087;0,086;0,089;0,091;0,088
90;0,104;0,103;0,109;0,109;0,087;0,088;0,088;0,09;0,1;0,108;0,092;0,104;0,107;0,087;0,09;0,092;0,093;0,09;0,094;0,087;0,086;0,09;0,09;0,092;0,095;0,098;0,094;0,098;0,097;0,099;0,101;0,096;0,093;0,094;0,095;0,088;0,086;0,087;0,089;0,095;0,106;0,105;0,098;0,102;0,14;0,154;0,151;0,091;0,091;0,091;0,087;0,086;0,09;0,09;0,088
100;0,106;0,102;0,112;0,112;0,088;0,09;0,088;0,09;0,101;0,111;0,093;0,111;0,112;0,087;0,09;0,093;0,092;0,093;0,097;0,088;0,087;0,09;0,091;0,093;0,096;0,099;0,095;0,1;0,098;0,1;0,101;0,097;0,094;0,095;0,096;0,093;0,088;0,088;0,089;0,095;0,108;0,106;0,098;0,111;0,143;0,168;0,153;0,091;0,092;0,092;0,087;0,087;0,09;0,09;0,088
110;0,108;0,096;0,113;0,113;0,087;0,089;0,089;0,092;0,099;0,118;0,094;0,116;0,12;0,087;0,092;0,094;0,101;0,095;0,099;0,088;0,088;0,09;0,092;0,093;0,096;0,1;0,096;0,101;0,099;0,102;0,102;0,099;0,094;0,095;0,096;0,091;0,087;0,09;0,09;0,096;0,108;0,107;0,098;0,112;0,144;0,178;0,153;0,092;0,092;0,092;0,088;0,087;0,09;0,089;0,088
120;0,109;0,102;0,115;0,117;0,088;0,093;0,09;0,096;0,107;0,123;0,096;0,118;0,13;0,087;0,093;0,094;0,101;0,094;0,101;0,088;0,088;0,091;0,095;0,094;0,097;0,101;0,097;0,102;0,1;0,103;0,103;0,1;0,096;0,095;0,096;0,096;0,089;0,091;0,093;0,097;0,108;0,107;0,099;0,117;0,148;0,184;0,155;0,092;0,092;0,093;0,088;0,087;0,091;0,09;0,089
130;0,11;0,117;0,115;0,119;0,089;0,091;0,09;0,104;0,105;0,13;0,097;0,122;0,136;0,09;0,101;0,096;0,11;0,098;0,103;0,088;0,088;0,091;0,097;0,094;0,097;0,102;0,097;0,103;0,101;0,104;0,105;0,101;0,096;0,096;0,097;0,1;0,091;0,096;0,089;0,096;0,109;0,106;0,099;0,125;0,148;0,191;0,154;0,092;0,093;0,093;0,088;0,088;0,091;0,089;0,089
140;0,11;0,111;0,118;0,118;0,092;0,091;0,092;0,106;0,107;0,134;0,099;0,126;0,144;0,1;0,112;0,098;0,114;0,098;0,107;0,09;0,089;0,092;0,101;0,095;0,098;0,104;0,098;0,105;0,103;0,106;0,106;0,103;0,098;0,097;0,098;0,101;0,09;0,095;0,089;0,098;0,11;0,107;0,099;0,136;0,148;0,2;0,153;0,093;0,093;0,093;0,088;0,088;0,092;0,09;0,09
150;0,115;0,121;0,121;0,124;0,121;0,11;0,112;0,12;0,11;0,141;0,101;0,129;0,155;0,108;0,118;0,099;0,094;0,098;0,11;0,091;0,089;0,092;0,104;0,096;0,099;0,105;0,099;0,106;0,104;0,107;0,108;0,104;0,099;0,098;0,099;0,103;0,093;0,096;0,089;0,098;0,109;0,108;0,1;0,139;0,149;0,2;0,154;0,093;0,094;0,094;0,088;0,088;0,091;0,091;0,09
160;0,113;0,115;0,126;0,126;0,121;0,104;0,108;0,123;0,114;0,146;0,102;0,135;0,164;0,115;0,123;0,101;0,119;0,098;0,114;0,092;0,09;0,093;0,109;0,096;0,1;0,106;0,1;0,108;0,106;0,109;0,109;0,106;0,101;0,098;0,099;0,105;0,096;0,092;0,091;0,098;0,109;0,108;0,1;0,144;0,149;0,195;0,154;0,094;0,094;0,094;0,088;0,089;0,092;0,095;0,09
170;0,122;0,133;0,129;0,132;0,123;0,111;0,12;0,122;0,11;0,152;0,105;0,136;0,172;0,127;0,14;0,108;0,128;0,101;0,118;0,095;0,091;0,094;0,111;0,097;0,102;0,108;0,101;0,11;0,108;0,11;0,111;0,109;0,102;0,101;0,1;0,104;0,1;0,107;0,096;0,099;0,109;0,108;0,1;0,151;0,149;0,182;0,155;0,094;0,094;0,095;0,088;0,089;0,092;0,092;0,091
180;0,116;0,138;0,134;0,13;0,14;0,124;0,112;0,131;0,118;0,159;0,106;0,145;0,181;0,136;0,146;0,112;0,135;0,102;0,122;0,098;0,092;0,095;0,117;0,098;0,103;0,109;0,102;0,112;0,11;0,113;0,113;0,109;0,103;0,102;0,102;0,109;0,099;0,106;0,099;0,099;0,109;0,109;0,1;0,155;0,151;0,174;0,156;0,094;0,095;0,095;0,088;0,089;0,093;0,091;0,091
190;0,129;0,141;0,137;0,136;0,145;0,125;0,137;0,141;0,132;0,166;0,109;0,156;0,192;0,141;0,154;0,117;0,141;0,106;0,126;0,1;0,094;0,096;0,121;0,1;0,105;0,111;0,104;0,115;0,113;0,115;0,116;0,111;0,105;0,104;0,104;0,109;0,099;0,108;0,1;0,1;0,107;0,108;0,101;0,155;0,151;0,167;0,157;0,095;0,095;0,095;0,088;0,09;0,093;0,095;0,092
200;0,132;0,15;0,143;0,144;0,139;0,152;0,124;0,144;0,137;0,174;0,112;0,157;0,199;0,157;0,162;0,116;0,149;0,106;0,131;0,107;0,094;0,098;0,125;0,101;0,107;0,113;0,106;0,117;0,115;0,118;0,118;0,113;0,107;0,104;0,106;0,114;0,1;0,114;0,099;0,1;0,106;0,108;0,101;0,156;0,154;0,161;0,158;0,095;0,096;0,096;0,088;0,09;0,094;0,096;0,092
210;0,137;0,152;0,148;0,151;0,143;0,14;0,131;0,15;0,138;0,183;0,115;0,169;0,209;0,175;0,169;0,125;0,167;0,109;0,135;0,111;0,094;0,101;0,129;0,103;0,109;0,116;0,107;0,119;0,118;0,121;0,121;0,116;0,109;0,106;0,105;0,116;0,103;0,11;0,101;0,1;0,105;0,109;0,101;0,155;0,154;0,156;0,158;0,095;0,096;0,096;0,088;0,091;0,094;0,093;0,093
220;0,143;0,155;0,158;0,151;0,173;0,149;0,152;0,145;0,143;0,193;0,118;0,176;0,227;0,195;0,179;0,127;0,151;0,113;0,141;0,119;0,095;0,101;0,134;0,104;0,111;0,118;0,11;0,122;0,12;0,124;0,123;0,12;0,111;0,109;0,106;0,12;0,104;0,115;0,098;0,102;0,105;0,107;0,102;0,157;0,155;0,154;0,159;0,096;0,097;0,097;0,088;0,092;0,095;0,098;0,093
230;0,139;0,169;0,16;0,162;0,183;0,171;0,154;0,165;0,151;0,206;0,123;0,19;0,235;0,222;0,195;0,138;0,162;0,119;0,148;0,124;0,105;0,108;0,14;0,107;0,114;0,121;0,112;0,124;0,123;0,127;0,126;0,12;0,113;0,111;0,11;0,123;0,114;0,123;0,103;0,101;0,104;0,1;0,103;0,158;0,157;0,154;0,16;0,096;0,098;0,097;0,088;0,092;0,096;0,096;0,094
240;0,152;0,171;0,165;0,17;0,178;0,182;0,153;0,155;0,16;0,217;0,13;0,204;0,247;0,239;0,207;0,146;0,156;0,123;0,154;0,131;0,114;0,112;0,145;0,109;0,117;0,125;0,115;0,127;0,126;0,13;0,128;0,126;0,116;0,112;0,112;0,126;0,113;0,125;0,1;0,101;0,102;0,103;0,103;0,158;0,157;0,152;0,161;0,097;0,098;0,098;0,088;0,093;0,096;0,099;0,095
250;0,16;0,185;0,169;0,176;0,192;0,17;0,17;0,17;0,173;0,232;0,135;0,216;0,256;0,228;0,221;0,157;0,175;0,129;0,165;0,137;0,124;0,121;0,151;0,111;0,121;0,129;0,118;0,13;0,129;0,133;0,13;0,127;0,119;0,115;0,112;0,128;0,111;0,129;0,121;0,104;0,1;0,101;0,104;0,159;0,158;0,149;0,161;0,098;0,099;0,099;0,087;0,094;0,097;0,098;0,096
260;0,166;0,191;0,164;0,178;0,194;0,19;0,167;0,204;0,189;0,249;0,14;0,232;0,271;0,239;0,234;0,172;0,194;0,134;0,175;0,143;0,127;0,125;0,157;0,115;0,125;0,133;0,121;0,133;0,132;0,136;0,133;0,132;0,122;0,118;0,114;0,132;0,113;0,133;0,112;0,102;0,1;0,099;0,104;0,158;0,158;0,148;0,162;0,098;0,099;0,099;0,087;0,094;0,098;0,098;0,096
270;0,169;0,198;0,15;0,184;0,215;0,195;0,185;0,215;0,204;0,265;0,149;0,245;0,28;0,257;0,249;0,176;0,19;0,14;0,185;0,15;0,134;0,131;0,164;0,118;0,129;0,138;0,126;0,136;0,135;0,14;0,136;0,138;0,126;0,12;0,121;0,134;0,119;0,135;0,114;0,102;0,101;0,101;0,105;0,157;0,158;0,149;0,162;0,099;0,1;0,1;0,088;0,095;0,098;0,098;0,097
280;0,177;0,182;0,172;0,192;0,214;0,216;0,184;0,191;0,21;0,28;0,151;0,238;0,294;0,28;0,264;0,171;0,224;0,149;0,197;0,158;0,145;0,136;0,17;0,121;0,134;0,143;0,13;0,139;0,138;0,142;0,138;0,137;0,13;0,123;0,123;0,137;0,121;0,14;0,116;0,102;0,102;0,101;0,105;0,156;0,158;0,145;0,162;0,1;0,101;0,101;0,088;0,096;0,099;0,099;0,098
290;0,172;0,22;0,184;0,198;0,235;0,202;0,212;0,235;0,217;0,294;0,163;0,264;0,309;0,309;0,289;0,18;0,205;0,158;0,208;0,165;0,152;0,141;0,177;0,126;0,14;0,148;0,136;0,142;0,141;0,146;0,141;0,145;0,134;0,128;0,125;0,142;0,123;0,143;0,129;0,103;0,104;0,101;0,104;0,156;0,158;0,145;0,162;0,101;0,101;0,102;0,088;0,097;0,1;0,099;0,099
300;0,179;0,216;0,191;0,203;0,238;0,224;0,206;0,246;0,232;0,308;0,169;0,274;0,32;0,345;0,308;0,225;0,232;0,161;0,22;0,174;0,163;0,147;0,183;0,131;0,145;0,153;0,141;0,147;0,144;0,147;0,144;0,149;0,139;0,133;0,132;0,145;0,132;0,146;0,119;0,103;0,105;0,101;0,105;0,155;0,159;0,144;0,161;0,101;0,102;0,102;0,087;0,098;0,101;0,099;0,1
310;0,181;0,223;0,188;0,202;0,233;0,203;0,227;0,239;0,244;0,324;0,176;0,304;0,335;0,357;0,325;0,237;0,236;0,174;0,233;0,183;0,174;0,153;0,189;0,138;0,151;0,161;0,147;0,149;0,142;0,153;0,147;0,153;0,143;0,137;0,137;0,148;0,134;0,149;0,135;0,102;0,106;0,103;0,105;0,154;0,158;0,146;0,161;0,102;0,103;0,103;0,088;0,099;0,103;0,1;0,101
320;0,187;0,228;0,18;0,207;0,238;0,235;0,217;0,231;0,254;0,341;0,19;0,314;0,345;0,371;0,346;0,249;0,236;0,182;0,245;0,193;0,183;0,16;0,196;0,146;0,16;0,169;0,155;0,147;0,146;0,158;0,143;0,156;0,149;0,141;0,143;0,152;0,133;0,155;0,131;0,101;0,106;0,102;0,106;0,152;0,157;0,144;0,161;0,103;0,104;0,104;0,088;0,1;0,103;0,101;0,102
330;0,173;0,247;0,18;0,205;0,241;0,237;0,232;0,251;0,278;0,357;0,2;0,325;0,368;0,393;0,362;0,244;0,251;0,194;0,258;0,199;0,193;0,165;0,202;0,155;0,168;0,177;0,164;0,153;0,15;0,163;0,148;0,165;0,155;0,149;0,145;0,158;0,144;0,161;0,138;0,103;0,107;0,103;0,106;0,15;0,157;0,143;0,159;0,104;0,106;0,105;0,088;0,101;0,104;0,104;0,103
340;0,154;0,187;0,166;0,211;0,244;0,223;0,231;0,254;0,279;0,373;0,211;0,344;0,381;0,403;0,372;0,275;0,249;0,205;0,278;0,209;0,203;0,177;0,209;0,165;0,178;0,188;0,174;0,157;0,156;0,168;0,157;0,172;0,163;0,157;0,157;0,163;0,146;0,165;0,152;0,102;0,109;0,105;0,107;0,147;0,156;0,144;0,159;0,105;0,106;0,106;0,087;0,102;0,106;0,109;0,105
350;0,168;0,203;0,159;0,21;0,246;0,237;0,233;0,258;0,317;0,39;0,228;0,362;0,398;0,097;0,381;0,285;0,248;0,211;0,293;0,22;0,218;0,188;0,216;0,177;0,189;0,198;0,186;0,165;0,162;0,17;0,164;0,181;0,171;0,166;0,166;0,169;0,156;0,172;0,17;0,104;0,111;0,106;0,108;0,147;0,154;0,144;0,157;0,106;0,108;0,108;0,088;0,104;0,107;0,112;0,106
360;0,175;0,195;0,192;0,216;0,258;0,242;0,245;0,268;0,315;0,405;0,242;0,371;0,419;0,126;0,393;0,289;0,258;0,222;0,309;0,227;0,229;0,201;0,227;0,189;0,201;0,209;0,197;0,175;0,166;0,176;0,17;0,189;0,178;0,177;0,174;0,175;0,172;0,184;0,172;0,103;0,111;0,107;0,109;0,145;0,154;0,144;0,156;0,107;0,108;0,108;0,087;0,105;0,109;0,109;0,108
370;0,186;0,215;0,232;0,203;0,256;0,249;0,248;0,263;0,348;0,423;0,263;0,378;0,438;0,134;0,397;0,302;0,236;0,237;0,324;0,237;0,236;0,214;0,237;0,203;0,215;0,222;0,211;0,183;0,173;0,183;0,176;0,195;0,188;0,189;0,186;0,188;0,183;0,192;0,195;0,105;0,112;0,107;0,11;0,143;0,151;0,144;0,155;0,109;0,11;0,11;0,087;0,106;0,11;0,114;0,109
380;0,191;0,239;0,226;0,254;0,288;0,254;0,261;0,28;0,363;0,441;0,283;0,4;0,456;0,171;0,411;0,287;0,252;0,251;0,333;0,249;0,251;0,225;0,249;0,217;0,231;0,236;0,227;0,192;0,181;0,192;0,184;0,209;0,199;0,202;0,199;0,197;0,2;0,207;0,2;0,106;0,113;0,109;0,11;0,143;0,151;0,148;0,154;0,11;0,111;0,111;0,088;0,108;0,112;0,109;0,111
390;0,193;0,233;0,268;0,256;0,285;0,262;0,268;0,286;0,38;0,459;0,306;0,405;0,473;0,203;0,429;0,297;0,266;0,271;0,349;0,262;0,259;0,239;0,263;0,233;0,247;0,25;0,243;0,201;0,19;0,2;0,192;0,218;0,213;0,219;0,215;0,208;0,212;0,218;0,216;0,109;0,115;0,11;0,112;0,141;0,149;0,149;0,153;0,111;0,112;0,112;0,088;0,11;0,114;0,111;0,113
400;0,204;0,239;0,244;0,221;0,278;0,265;0,268;0,29;0,406;0,476;0,328;0,409;0,485;0,223;0,448;0,305;0,259;0,28;0,362;0,276;0,287;0,254;0,278;0,251;0,265;0,267;0,261;0,211;0,198;0,21;0,201;0,236;0,229;0,237;0,235;0,222;0,226;0,231;0,233;0,109;0,117;0,111;0,113;0,14;0,147;0,147;0,152;0,113;0,114;0,114;0,088;0,111;0,115;0,113;0,114
410;0,211;0,27;0,27;0,207;0,295;0,269;0,278;0,299;0,433;0,496;0,348;0,408;0,501;0,25;0,467;0,323;0,289;0,299;0,378;0,291;0,206;0,267;0,29;0,272;0,285;0,287;0,28;0,221;0,208;0,22;0,211;0,253;0,247;0,257;0,257;0,233;0,241;0,244;0,251;0,11;0,118;0,112;0,114;0,14;0,146;0,146;0,15;0,114;0,116;0,115;0,088;0,114;0,117;0,115;0,117
420;0,214;0,252;0,251;0,231;0,303;0,27;0,29;0,302;0,467;0,513;0,367;0,42;0,519;0,272;0,478;0,333;0,29;0,313;0,389;0,307;0,223;0,278;0,3;0,293;0,309;0,31;0,3;0,232;0,218;0,231;0,221;0,272;0,267;0,276;0,281;0,244;0,254;0,255;0,265;0,111;0,119;0,113;0,114;0,139;0,145;0,145;0,148;0,116;0,117;0,117;0,087;0,115;0,12;0,118;0,118
430;0,242;0,249;0,237;0,253;0,313;0,264;0,299;0,314;0,487;0,542;0,385;0,435;0,54;0,283;0,495;0,346;0,301;0,322;0,389;0,325;0,251;0,293;0,313;0,316;0,333;0,336;0,325;0,245;0,23;0,243;0,233;0,291;0,285;0,301;0,304;0,255;0,269;0,267;0,281;0,112;0,121;0,113;0,131;0,14;0,144;0,146;0,147;0,117;0,119;0,119;0,087;0,118;0,122;0,12;0,121
440;0,252;0,257;0,273;0,262;0,279;0,252;0,296;0,313;0,467;0,558;0,398;0,441;0,554;0,315;0,507;0,359;0,304;0,33;0,401;0,343;0,277;0,309;0,325;0,341;0,358;0,361;0,35;0,258;0,242;0,257;0,246;0,318;0,308;0,325;0,328;0,268;0,286;0,281;0,298;0,115;0,122;0,114;0,135;0,141;0,143;0,143;0,145;0,119;0,121;0,121;0,088;0,12;0,124;0,125;0,123
450;0,276;0,288;0,278;0,285;0,306;0,244;0,286;0,319;0,454;0,58;0,412;0,45;0,572;0,327;0,518;0,378;0,33;0,339;0,416;0,36;0,299;0,325;0,335;0,368;0,387;0,39;0,377;0,272;0,256;0,271;0,26;0,329;0,331;0,349;0,357;0,281;0,3;0,296;0,317;0,116;0,138;0,115;0,135;0,141;0,144;0,143;0,145;0,121;0,123;0,123;0,088;0,122;0,127;0,126;0,125
460;0,293;0,296;0,305;0,311;0,298;0,257;0,268;0,336;0,458;0,603;0,426;0,457;0,587;0,344;0,533;0,397;0,339;0,35;0,437;0,379;0,318;0,344;0,347;0,397;0,419;0,419;0,406;0,287;0,271;0,286;0,274;0,366;0,354;0,377;0,384;0,3;0,318;0,316;0,336;0,135;0,138;0,136;0,136;0,143;0,145;0,142;0,146;0,124;0,125;0,125;0,088;0,125;0,129;0,128;0,128
470;0,319;0,326;0,328;0,332;0,276;0,275;0,274;0,355;0,498;0,618;0,439;0,477;0,6;0,36;0,548;0,417;0,353;0,36;0,458;0,398;0,335;0,358;0,358;0,428;0,452;0,452;0,438;0,303;0,286;0,302;0,29;0,396;0,381;0,403;0,414;0,316;0,335;0,33;0,355;0,135;0,138;0,136;0,138;0,143;0,145;0,142;0,148;0,125;0,128;0,127;0,087;0,127;0,131;0,129;0,131
480;0,343;0,345;0,346;0,353;0,286;0,273;0,316;0,291;0,448;0,631;0,447;0,495;0,613;0,374;0,561;0,442;0,37;0,37;0,479;0,413;0,347;0,375;0,37;0,462;0,486;0,486;0,471;0,32;0,303;0,319;0,307;0,42;0,403;0,425;0,438;0,331;0,352;0,349;0,373;0,134;0,14;0,139;0,14;0,145;0,145;0,142;0,15;0,128;0,13;0,13;0,087;0,13;0,134;0,132;0,134
490;0,364;0,364;0,368;0,38;0,299;0,312;0,296;0,302;0,444;0,648;0,459;0,511;0,629;0,386;0,572;0,461;0,399;0,386;0,496;0,428;0,362;0,392;0,38;0,497;0,521;0,521;0,506;0,336;0,32;0,336;0,325;0,448;0,424;0,451;0,463;0,347;0,368;0,363;0,39;0,136;0,141;0,141;0,143;0,146;0,148;0,146;0,152;0,13;0,132;0,132;0,087;0,133;0,138;0,135;0,137
500;0,383;0,389;0,4;0,403;0,328;0,304;0,319;0,31;0,386;0,663;0,471;0,529;0,631;0,398;0,582;0,488;0,418;0,409;0,508;0,445;0,376;0,406;0,392;0,534;0,559;0,559;0,543;0,352;0,336;0,352;0,339;0,475;0,444;0,47;0,48;0,364;0,383;0,376;0,407;0,14;0,143;0,144;0,145;0,147;0,15;0,147;0,154;0,133;0,135;0,135;0,088;0,137;0,141;0,138;0,14
510;0,406;0,409;0,406;0,42;0,338;0,311;0,331;0,33;0,398;0,682;0,493;0,536;0,643;0,411;0,593;0,506;0,422;0,428;0,521;0,459;0,391;0,421;0,403;0,574;0,6;0,6;0,582;0,368;0,351;0,368;0,355;0,506;0,465;0,5;0,511;0,379;0,398;0,391;0,425;0,144;0,147;0,146;0,147;0,147;0,153;0,15;0,156;0,136;0,137;0,137;0,088;0,14;0,144;0,142;0,144
520;0,425;0,438;0,429;0,455;0,353;0,327;0,339;0,344;0,432;0,701;0,507;0,55;0,64;0,421;0,602;0,525;0,437;0,437;0,549;0,472;0,402;0,435;0,41;0,617;0,643;0,644;0,624;0,386;0,368;0,386;0,372;0,536;0,5;0,524;0,54;0,393;0,415;0,406;0,444;0,146;0,148;0,149;0,15;0,149;0,155;0,154;0,158;0,138;0,14;0,14;0,087;0,144;0,148;0,146;0,148
530;0,45;0,455;0,457;0,467;0,356;0,333;0,35;0,347;0,464;0,721;0,523;0,565;0,645;0,431;0,612;0,544;0,452;0,456;0,568;0,479;0,405;0,444;0,417;0,661;0,688;0,689;0,668;0,402;0,385;0,403;0,389;0,564;0,524;0,554;0,56;0,407;0,429;0,421;0,459;0,149;0,149;0,152;0,152;0,148;0,156;0,154;0,159;0,141;0,143;0,143;0,087;0,148;0,152;0,149;0,151
540;0,497;0,486;0,481;0,496;0,36;0,34;0,35;0,346;0,494;0,743;0,542;0,578;0,641;0,438;0,617;0,566;0,472;0,48;0,593;0,477;0,401;0,439;0,408;0,707;0,734;0,735;0,714;0,417;0,401;0,419;0,405;0,593;0,555;0,584;0,59;0,421;0,44;0,432;0,474;0,15;0,152;0,154;0,154;0,143;0,157;0,158;0,159;0,144;0,146;0,146;0,088;0,152;0,156;0,153;0,155
550;0,505;0,51;0,506;0,521;0,351;0,344;0,346;0,351;0,529;0,759;0,566;0,602;0,635;0,439;0,624;0,592;0,506;0,512;0,615;0,474;0,403;0,437;0,407;0,753;0,78;0,782;0,76;0,431;0,417;0,433;0,42;0,617;0,583;0,616;0,614;0,435;0,453;0,443;0,489;0,152;0,154;0,155;0,156;0,139;0,158;0,16;0,159;0,148;0,149;0,149;0,087;0,156;0,161;0,157;0,16
560;0,532;0,538;0,535;0,55;0,35;0,337;0,345;0,349;0,558;0,78;0,587;0,618;0,634;0,435;0,627;0,621;0,532;0,537;0,638;0,478;0,407;0,44;0,408;0,801;0,829;0,831;0,808;0,443;0,429;0,445;0,432;0,641;0,604;0,643;0,638;0,44;0,465;0,451;0,502;0,152;0,157;0,155;0,157;0,143;0,158;0,164;0,161;0,151;0,153;0,153;0,087;0,161;0,165;0,162;0,165
570;0,561;0,566;0,562;0,577;0,358;0,342;0,352;0,355;0,581;0,798;0,603;0,637;0,636;0,435;0,628;0,641;0,556;0,557;0,661;0,482;0,411;0,441;0,41;0,849;0,877;0,879;0,856;0,455;0,441;0,457;0,444;0,667;0,631;0,67;0,659;0,454;0,477;0,464;0,516;0,149;0,158;0,156;0,158;0,138;0,159;0,169;0,159;0,155;0,157;0,157;0,087;0,165;0,169;0,166;0,169
580;0,586;0,592;0,593;0,603;0,356;0,343;0,348;0,352;0,608;0,818;0,621;0,655;0,64;0,433;0,626;0,663;0,579;0,592;0,681;0,487;0,413;0,446;0,414;0,897;0,926;0,927;0,905;0,467;0,454;0,469;0,457;0,686;0,647;0,689;0,696;0,467;0,487;0,476;0,528;0,15;0,157;0,155;0,159;0,135;0,16;0,173;0,155;0,159;0,161;0,161;0,088;0,17;0,174;0,172;0,173
590;0,615;0,617;0,617;0,625;0,357;0,343;0,346;0,349;0,636;0,845;0,641;0,669;0,644;0,437;0,625;0,685;0,605;0,627;0,706;0,491;0,416;0,451;0,416;0,945;0,972;0,974;0,952;0,478;0,465;0,48;0,468;0,707;0,672;0,711;0,714;0,477;0,496;0,492;0,539;0,151;0,158;0,157;0,159;0,136;0,159;0,174;0,152;0,163;0,165;0,166;0,087;0,175;0,18;0,176;0,179
600;0,636;0,642;0,646;0,654;0,356;0,337;0,341;0,347;0,663;0,866;0,652;0,69;0,647;0,438;0,627;0,704;0,623;0,644;0,73;0,494;0,417;0,45;0,419;0,991;1,015;1,017;0,997;0,488;0,476;0,49;0,478;0,725;0,691;0,741;0,733;0,486;0,505;0,501;0,551;0,153;0,159;0,157;0,159;0,138;0,157;0,18;0,151;0,167;0,169;0,17;0,088;0,181;0,185;0,181;0,185
610;0,665;0,67;0,666;0,715;0,355;0,335;0,337;0,339;0,697;0,888;0,67;0,712;0,65;0,44;0,631;0,728;0,639;0,655;0,757;0,498;0,42;0,455;0,42;1,031;1,055;1,058;1,038;0,5;0,487;0,501;0,489;0,745;0,709;0,765;0,755;0,495;0,516;0,519;0,562;0,155;0,161;0,16;0,162;0,14;0,151;0,184;0,147;0,172;0,173;0,174;0,088;0,187;0,19;0,187;0,19
620;0,695;0,699;0,727;0,739;0,349;0,325;0,329;0,331;0,717;0,903;0,692;0,739;0,657;0,441;0,636;0,741;0,663;0,686;0,787;0,502;0,423;0,458;0,422;1,071;1,093;1,096;1,078;0,51;0,498;0,511;0,499;0,765;0,725;0,776;0,775;0,503;0,526;0,532;0,574;0,158;0,164;0,16;0,162;0,142;0,154;0,188;0,149;0,176;0,178;0,179;0,087;0,193;0,197;0,193;0,196
630;0,726;0,752;0,754;0,777;0,344;0,318;0,322;0,325;0,738;0,916;0,721;0,759;0,654;0,443;0,642;0,763;0,677;0,718;0,812;0,506;0,425;0,46;0,425;1,107;1,128;1,132;1,114;0,52;0,508;0,521;0,509;0,781;0,743;0,798;0,795;0,514;0,538;0,542;0,584;0,159;0,167;0,163;0,166;0,143;0,156;0,193;0,155;0,181;0,183;0,185;0,088;0,2;0,203;0,199;0,201
640;0,756;0,757;0,8;0,786;0,34;0,313;0,317;0,32;0,755;0,941;0,73;0,779;0,657;0,445;0,642;0,778;0,698;0,761;0,836;0,512;0,427;0,465;0,428;1,141;1,16;1,164;1,147;0,529;0,517;0,531;0,518;0,79;0,762;0,815;0,814;0,522;0,544;0,556;0,593;0,159;0,168;0,165;0,167;0,145;0,159;0,197;0,156;0,187;0,188;0,19;0,088;0,206;0,209;0,205;0,208
650;0,792;0,782;0,797;0,779;0,339;0,307;0,311;0,316;0,749;0,96;0,754;0,796;0,659;0,447;0,645;0,809;0,727;0,785;0,843;0,517;0,432;0,467;0,43;1,171;1,19;1,193;1,178;0,537;0,526;0,539;0,527;0,81;0,779;0,833;0,834;0,534;0,558;0,566;0,604;0,164;0,171;0,168;0,17;0,148;0,162;0,201;0,157;0,192;0,194;0,196;0,088;0,213;0,216;0,212;0,214
660;0,756;0,771;0,778;0,774;0,336;0,302;0,308;0,311;0,715;0,965;0,779;0,768;0,661;0,449;0,648;0,832;0,735;0,753;0,805;0,522;0,436;0,471;0,432;1,198;1,216;1,22;1,206;0,545;0,534;0,547;0,535;0,826;0,795;0,863;0,853;0,542;0,565;0,579;0,612;0,169;0,175;0,173;0,173;0,15;0,165;0,205;0,159;0,199;0,2;0,202;0,088;0,221;0,223;0,219;0,221
670;0,782;0,751;0,788;0,789;0,333;0,302;0,304;0,308;0,714;0,96;0,765;0,766;0,664;0,453;0,652;0,822;0,722;0,747;0,808;0,526;0,439;0,474;0,434;1,224;1,24;1,246;1,231;0,553;0,542;0,555;0,542;0,858;0,81;0,872;0,871;0,553;0,578;0,589;0,621;0,175;0,179;0,179;0,178;0,153;0,168;0,209;0,161;0,205;0,206;0,209;0,088;0,228;0,23;0,226;0,229
680;0,756;0,779;0,776;0,804;0,332;0,296;0,301;0,306;0,716;0,956;0,759;0,766;0,667;0,452;0,655;0,828;0,724;0,749;0,811;0,531;0,443;0,476;0,438;1,247;1,263;1,268;1,255;0,56;0,55;0,563;0,55;0,862;0,829;0,891;0,891;0,564;0,586;0,598;0,629;0,178;0,183;0,183;0,186;0,157;0,172;0,213;0,164;0,211;0,212;0,215;0,088;0,236;0,238;0,233;0,236
690;0,769;0,784;0,821;0,773;0,333;0,295;0,3;0,304;0,724;0,959;0,758;0,774;0,67;0,458;0,654;0,841;0,732;0,762;0,815;0,534;0,446;0,479;0,441;1,269;1,283;1,288;1,277;0,568;0,558;0,57;0,558;0,88;0,842;0,908;0,907;0,573;0,595;0,608;0,637;0,183;0,188;0,188;0,189;0,16;0,175;0,215;0,165;0,218;0,219;0,222;0,088;0,244;0,246;0,24;0,243
700;0,77;0,771;0,803;0,783;0,333;0,294;0,304;0,304;0,73;0,962;0,763;0,78;0,673;0,458;0,658;0,853;0,74;0,768;0,828;0,537;0,45;0,481;0,443;1,286;1,299;1,305;1,294;0,575;0,565;0,577;0,565;0,912;0,857;0,927;0,927;0,585;0,605;0,614;0,645;0,189;0,193;0,194;0,195;0,164;0,178;0,218;0,169;0,225;0,226;0,229;0,088;0,252;0,253;0,248;0,252
710;0,762;0,768;0,794;0,807;0,333;0,295;0,3;0,305;0,734;0,967;0,765;0,792;0,677;0,462;0,66;0,857;0,742;0,777;0,835;0,542;0,453;0,485;0,447;1,302;1,314;1,32;1,31;0,581;0,572;0,584;0,571;0,927;0,876;0,948;0,943;0,594;0,615;0,623;0,653;0,194;0,198;0,199;0,2;0,167;0,181;0,22;0,175;0,233;0,233;0,237;0,088;0,26;0,261;0,255;0,259
720;0,793;0,755;0,797;0,807;0,335;0,296;0,299;0,304;0,735;0,977;0,776;0,801;0,681;0,464;0,662;0,866;0,745;0,782;0,851;0,547;0,457;0,49;0,449;1,317;1,33;1,336;1,325;0,587;0,578;0,59;0,578;0,937;0,892;0,976;0,961;0,603;0,622;0,629;0,66;0,2;0,203;0,205;0,205;0,169;0,184;0,222;0,178;0,241;0,241;0,246;0,088;0,269;0,268;0,262;0,266
730;0,772;0,735;0,798;0,817;0,337;0,299;0,3;0,305;0,732;0,977;0,783;0,807;0,685;0,461;0,662;0,863;0,743;0,783;0,852;0,549;0,461;0,498;0,451;1,332;1,344;1,35;1,34;0,593;0,585;0,596;0,584;0,954;0,908;0,982;0,979;0,609;0,63;0,633;0,667;0,206;0,209;0,211;0,212;0,174;0,19;0,224;0,182;0,249;0,249;0,254;0,088;0,276;0,275;0,27;0,273
740;0,802;0,712;0,813;0,808;0,338;0,294;0,299;0,306;0,761;0,987;0,785;0,814;0,689;0,463;0,666;0,864;0,756;0,78;0,862;0,55;0,465;0,498;0,454;1,346;1,356;1,362;1,353;0,599;0,59;0,601;0,589;0,971;0,925;0,999;0,999;0,615;0,635;0,643;0,674;0,213;0,215;0,219;0,218;0,177;0,196;0,227;0,186;0,258;0,258;0,263;0,088;0,285;0,282;0,277;0,281
750;0,838;0,712;0,789;0,777;0,338;0,297;0,301;0,308;0,777;1;0,78;0,817;0,689;0,464;0,668;0,88;0,769;0,795;0,877;0,556;0,468;0,5;0,454;1,357;1,367;1,374;1,365;0,603;0,596;0,606;0,594;0,986;0,941;1,018;1,013;0,623;0,644;0,651;0,68;0,22;0,221;0,226;0,225;0,178;0,199;0,229;0,187;0,267;0,267;0,274;0,088;0,292;0,289;0,284;0,288
760;0,793;0,718;0,746;0,769;0,34;0,297;0,303;0,307;0,791;1,002;0,794;0,827;0,691;0,466;0,673;0,901;0,772;0,818;0,9;0,559;0,471;0,5;0,454;1,369;1,378;1,385;1,377;0,608;0,601;0,61;0,599;1,01;0,958;1,036;1,03;0,629;0,65;0,655;0,688;0,227;0,229;0,233;0,232;0,183;0,202;0,232;0,19;0,277;0,277;0,283;0,089;0,301;0,297;0,291;0,295
770;0,779;0,668;0,757;0,747;0,343;0,298;0,304;0,313;0,777;1,009;0,79;0,838;0,694;0,464;0,672;0,917;0,78;0,818;0,918;0,563;0,473;0,507;0,454;1,378;1,387;1,394;1,386;0,612;0,605;0,614;0,603;1,032;0,973;1,061;1,05;0,635;0,657;0,659;0,694;0,234;0,237;0,241;0,24;0,185;0,205;0,237;0,193;0,286;0,286;0,295;0,089;0,309;0,305;0,299;0,302
780;0,763;0,659;0,749;0,712;0,347;0,3;0,305;0,309;0,774;1,013;0,812;0,851;0,694;0,471;0,678;0,936;0,794;0,823;0,926;0,562;0,475;0,509;0,456;1,386;1,395;1,402;1,395;0,615;0,609;0,618;0,606;1,038;0,991;1,069;1,066;0,64;0,661;0,666;0,701;0,241;0,246;0,249;0,247;0,187;0,209;0,242;0,198;0,297;0,297;0,305;0,088;0,317;0,312;0,306;0,309
790;0,7;0,649;0,706;0,712;0,346;0,299;0,305;0,312;0,781;1,025;0,818;0,86;0,7;0,468;0,678;0,933;0,798;0,88;0,939;0,565;0,475;0,512;0,457;1,394;1,403;1,409;1,403;0,618;0,612;0,62;0,61;1,054;1,005;1,085;1,081;0,647;0,669;0,671;0,707;0,25;0,255;0,259;0,256;0,19;0,212;0,246;0,202;0,308;0,308;0,318;0,088;0,326;0,32;0,313;0,317
800;0,678;0,651;0,706;0,711;0,348;0,306;0,308;0,314;0,785;1,037;0,811;0,869;0,705;0,471;0,679;0,951;0,811;0,854;0,947;0,569;0,488;0,516;0,457;1,402;1,41;1,417;1,41;0,621;0,616;0,624;0,613;1,082;1,022;1,106;1,098;0,653;0,674;0,678;0,712;0,259;0,263;0,268;0,265;0,193;0,215;0,251;0,205;0,32;0,318;0,331;0,089;0,333;0,327;0,319;0,323
810;0,659;0,627;0,667;0,665;0,35;0,302;0,308;0,318;0,796;1,047;0,818;0,885;0,709;0,472;0,679;0,96;0,808;0,858;0,95;0,573;0,487;0,516;0,454;1,409;1,417;1,424;1,417;0,623;0,619;0,626;0,615;1,085;1,037;1,117;1,114;0,656;0,679;0,682;0,719;0,269;0,273;0,279;0,275;0,196;0,218;0,256;0,208;0,332;0,331;0,344;0,089;0,342;0,334;0,326;0,33
820;0,624;0,632;0,638;0,646;0,352;0,306;0,311;0,317;0,793;1,047;0,853;0,881;0,711;0,478;0,68;0,947;0,82;0,867;0,963;0,577;0,496;0,52;0,455;1,415;1,423;1,43;1,423;0,625;0,621;0,628;0,617;1,117;1,053;1,144;1,128;0,663;0,685;0,688;0,724;0,28;0,283;0,289;0,285;0,199;0,221;0,261;0,211;0,344;0,343;0,363;0,088;0,349;0,34;0,332;0,336
830;0,613;0,629;0,659;0,636;0,355;0,308;0,311;0,318;0,787;1,064;0,83;0,908;0,715;0,487;0,683;0,953;0,822;0,876;0,965;0,58;0,509;0,522;0,458;1,422;1,429;1,436;1,429;0,626;0,623;0,63;0,619;1,117;1,069;1,149;1,143;0,668;0,691;0,693;0,73;0,292;0,293;0,302;0,296;0,202;0,226;0,266;0,214;0,357;0,356;0,374;0,089;0,356;0,347;0,339;0,342
840;0,6;0,632;0,648;0,621;0,358;0,308;0,316;0,319;0,806;1,052;0,834;0,908;0,718;0,505;0,683;0,992;0,85;0,878;0,97;0,585;0,517;0,524;0,453;1,428;1,434;1,441;1,435;0,628;0,625;0,631;0,621;1,148;1,083;1,174;1,159;0,673;0,695;0,699;0,737;0,3;0,304;0,313;0,306;0,206;0,229;0,27;0,217;0,371;0,369;0,386;0,089;0,363;0,353;0,345;0,348
850;0,587;0,642;0,661;0,639;0,36;0,31;0,317;0,323;0,805;1,054;0,855;0,916;0,728;0,527;0,687;1,02;0,872;0,902;0,961;0,585;0,511;0,523;0,448;1,433;1,44;1,447;1,44;0,629;0,627;0,632;0,622;1,152;1,1;1,177;1,172;0,678;0,7;0,706;0,743;0,312;0,314;0,325;0,317;0,21;0,233;0,276;0,22;0,385;0,382;0,402;0,089;0,37;0,359;0,35;0,354
860;0,578;0,631;0,655;0,641;0,363;0,312;0,318;0,329;0,821;1,033;0,85;0,924;0,733;0,524;0,681;1,047;0,885;0,91;0,966;0,591;0,514;0,528;0,455;1,438;1,445;1,451;1,446;0,63;0,628;0,633;0,623;1,18;1,113;1,204;1,187;0,683;0,703;0,711;0,749;0,323;0,326;0,338;0,328;0,215;0,237;0,282;0,224;0,4;0,397;0,42;0,09;0,376;0,365;0,356;0,36
870;0,566;0,628;0,652;0,651;0,365;0,315;0,32;0,326;0,818;1,045;0,863;0,926;0,74;0,526;0,683;1,048;0,907;0,911;1,002;0,592;0,511;0,53;0,458;1,442;1,449;1,456;1,45;0,631;0,629;0,634;0,624;1,183;1,126;1,203;1,198;0,686;0,707;0,716;0,755;0,336;0,339;0,352;0,341;0,22;0,241;0,29;0,227;0,415;0,41;0,437;0,09;0,383;0,371;0,362;0,365
880;0,559;0,629;0,636;0,654;0,369;0,316;0,323;0,329;0,856;1,054;0,889;0,929;0,739;0,54;0,677;1,052;0,922;0,917;0,994;0,593;0,509;0,539;0,46;1,448;1,454;1,461;1,454;0,632;0,63;0,634;0,625;1,208;1,141;1,216;1,212;0,688;0,71;0,721;0,761;0,35;0,352;0,367;0,353;0,228;0,246;0,299;0,231;0,43;0,425;0,456;0,09;0,388;0,376;0,367;0,371
890;0,552;0,639;0,635;0,653;0,371;0,319;0,325;0,331;0,84;1,045;0,876;0,936;0,741;0,532;0,683;1,053;0,933;0,923;0,988;0,596;0,506;0,546;0,467;1,452;1,458;1,466;1,46;0,632;0,631;0,635;0,625;1,212;1,157;1,23;1,225;0,691;0,714;0,724;0,766;0,363;0,363;0,376;0,366;0,236;0,251;0,305;0,235;0,446;0,44;0,468;0,09;0,394;0,382;0,373;0,376
900;0,55;0,63;0,638;0,651;0,377;0,323;0,326;0,337;0,841;1,048;0,89;0,944;0,753;0,534;0,685;1,049;0,935;0,931;0,969;0,595;0,51;0,544;0,476;1,456;1,463;1,47;1,464;0,632;0,631;0,635;0,625;1,216;1,168;1,246;1,236;0,692;0,718;0,729;0,771;0,37;0,37;0,384;0,371;0,243;0,257;0,312;0,24;0,462;0,456;0,485;0,09;0,4;0,387;0,378;0,381
910;0,545;0,632;0,639;0,656;0,379;0,323;0,33;0,336;0,857;1,061;0,883;0,955;0,76;0,535;0,679;1,048;0,949;0,932;0,977;0,596;0,511;0,543;0,478;1,461;1,467;1,474;1,469;0,632;0,632;0,635;0,625;1,227;1,182;1,26;1,249;0,693;0,721;0,732;0,777;0,379;0,383;0,397;0,38;0,253;0,262;0,319;0,246;0,479;0,472;0,525;0,091;0,405;0,392;0,383;0,386
920;0,542;0,641;0,629;0,667;0,379;0,325;0,333;0,338;0,846;1,055;0,9;0,956;0,765;0,537;0,689;1,055;0,946;0,935;0,966;0,598;0,509;0,545;0,479;1,466;1,472;1,479;1,473;0,632;0,632;0,635;0,626;1,238;1,195;1,271;1,261;0,699;0,724;0,737;0,781;0,392;0,395;0,412;0,392;0,263;0,271;0,33;0,253;0,496;0,488;0,522;0,091;0,41;0,398;0,387;0,391
930;0,54;0,635;0,638;0,668;0,381;0,327;0,334;0,34;0,805;1,043;0,889;0,964;0,769;0,542;0,693;1,048;0,946;0,933;0,972;0,597;0,514;0,544;0,489;1,471;1,476;1,483;1,478;0,633;0,633;0,636;0,626;1,25;1,207;1,281;1,272;0,703;0,73;0,74;0,785;0,407;0,407;0,426;0,403;0,275;0,282;0,337;0,263;0,513;0,505;0,542;0,091;0,414;0,402;0,392;0,396
940;0,535;0,632;0,636;0,679;0,393;0,331;0,335;0,343;0,825;1,058;0,881;0,966;0,772;0,55;0,686;1,015;0,944;0,93;0,991;0,598;0,52;0,553;0,482;1,476;1,481;1,488;1,482;0,633;0,633;0,636;0,626;1,262;1,221;1,294;1,284;0,709;0,736;0,742;0,789;0,421;0,42;0,443;0,418;0,284;0,292;0,345;0,272;0,532;0,522;0,559;0,092;0,419;0,406;0,396;0,401
950;0,537;0,632;0,639;0,685;0,386;0,332;0,339;0,344;0,828;1,048;0,867;0,962;0,773;0,547;0,684;1,015;0,941;0,928;0,999;0,6;0,52;0,544;0,485;1,48;1,486;1,492;1,486;0,633;0,634;0,637;0,627;1,276;1,232;1,317;1,295;0,715;0,743;0,745;0,793;0,437;0,435;0,459;0,429;0,294;0,3;0,356;0,279;0,549;0,539;0,577;0,093;0,423;0,411;0,401;0,405
960;0,534;0,635;0,642;0,686;0,387;0,333;0,341;0,35;0,823;1,047;0,868;0,964;0,78;0,549;0,688;1,019;0,944;0,924;1,006;0,599;0,519;0,555;0,488;1,484;1,49;1,497;1,491;0,633;0,634;0,636;0,627;1,285;1,252;1,314;1,306;0,718;0,744;0,748;0,796;0,454;0,452;0,477;0,444;0,303;0,308;0,363;0,286;0,568;0,556;0,598;0,093;0,427;0,414;0,405;0,409
970;0,534;0,645;0,653;0,683;0,392;0,335;0,343;0,351;0,834;1,052;0,886;0,969;0,782;0,554;0,688;1,021;0,937;0,913;1,022;0,6;0,512;0,549;0,488;1,489;1,495;1,501;1,495;0,634;0,634;0,637;0,627;1,294;1,26;1,329;1,315;0,723;0,751;0,749;0,798;0,471;0,468;0,499;0,46;0,315;0,317;0,372;0,294;0,584;0,573;0,608;0,094;0,431;0,419;0,408;0,413
980;0,535;0,647;0,662;0,683;0,392;0,339;0,348;0,351;0,833;1,047;0,889;0,972;0,806;0,551;0,685;1,017;0,893;0,91;1,024;0,6;0,52;0,55;0,493;1,494;1,499;1,506;1,5;0,634;0,634;0,637;0,628;1,308;1,265;1,336;1,325;0,732;0,758;0,752;0,799;0,492;0,487;0,52;0,476;0,325;0,327;0,378;0,301;0,601;0,591;0,624;0,095;0,435;0,422;0,412;0,417
990;0,533;0,654;0,665;0,688;0,394;0,343;0,345;0,352;0,833;1,044;0,879;0,976;0,79;0,558;0,69;1,005;0,933;0,91;1,011;0,605;0,521;0,56;0,499;1,498;1,504;1,51;1,504;0,634;0,634;0,637;0,628;1,316;1,276;1,348;1,336;0,739;0,765;0,759;0,8;0,511;0,505;0,539;0,492;0,335;0,337;0,385;0,31;0,624;0,608;0,641;0,095;0,438;0,426;0,416;0,421
1000;0,536;0,654;0,667;0,691;0,395;0,34;0,347;0,353;0,817;1,05;0,877;0,962;0,802;0,547;0,684;1,002;0,884;0,906;1,021;0,599;0,523;0,553;0,523;1,503;1,509;1,515;1,508;0,634;0,634;0,638;0,628;1,326;1,284;1,367;1,344;0,746;0,771;0,766;0,8;0,533;0,525;0,562;0,51;0,347;0,346;0,391;0,323;0,634;0,625;0,661;0,096;0,441;0,43;0,42;0,424
1010;0,536;0,667;0,672;0,694;0,399;0,343;0,348;0,357;0,804;1,045;0,866;0,955;0,804;0,556;0,686;0,982;0,861;0,923;1,003;0,607;0,526;0,574;0,509;1,507;1,512;1,519;1,512;0,635;0,634;0,638;0,628;1,336;1,293;1,373;1,353;0,75;0,775;0,775;0,801;0,553;0,544;0,581;0,528;0,357;0,357;0,393;0,334;0,65;0,641;0,674;0,097;0,445;0,433;0,424;0,428
1020;0,539;0,674;0,669;0,693;0,392;0,345;0,35;0,356;0,82;1,044;0,878;0,963;0,807;0,574;0,685;0,968;0,917;0,91;0,879;0,621;0,533;0,583;0,535;1,511;1,517;1,523;1,516;0,635;0,634;0,638;0,628;1,346;1,3;1,384;1,363;0,754;0,778;0,782;0,801;0,577;0,567;0,605;0,547;0,366;0,366;0,397;0,339;0,666;0,657;0,701;0,099;0,448;0,437;0,427;0,432
1030;0,538;0,674;0,674;0,693;0,394;0,35;0,351;0,361;0,819;1,038;0,871;0,958;0,803;0,535;0,685;0,963;0,882;0,92;0,976;0,609;0,529;0,579;0,535;1,515;1,52;1,527;1,52;0,635;0,635;0,639;0,629;1,355;1,309;1,396;1,372;0,757;0,78;0,785;0,801;0,6;0,59;0,623;0,565;0,375;0,375;0,405;0,348;0,683;0,671;0,702;0,1;0,451;0,44;0,43;0,435
1040;0,541;0,691;0,679;0,696;0,396;0,349;0,36;0,358;0,823;1,036;0,88;0,943;0,805;0,534;0,689;0,955;0,869;0,911;0,957;0,609;0,523;0,59;0,532;1,518;1,523;1,53;1,523;0,635;0,635;0,638;0,629;1,365;1,319;1,41;1,38;0,757;0,781;0,788;0,801;0,625;0,613;0,645;0,585;0,383;0,385;0,407;0,357;0,695;0,686;0,725;0,102;0,454;0,443;0,434;0,438
1050;0,542;0,69;0,677;0,693;0,393;0,349;0,357;0,361;0,807;1,04;0,86;0,953;0,809;0,552;0,691;0,946;0,873;0,905;0,946;0,613;0,522;0,618;0,528;1,521;1,526;1,533;1,525;0,635;0,635;0,638;0,629;1,374;1,327;1,427;1,39;0,757;0,781;0,788;0,8;0,649;0,637;0,67;0,604;0,391;0,394;0,411;0,364;0,712;0,7;0,778;0,104;0,456;0,446;0,437;0,442
1060;0,543;0,686;0,678;0,687;0,396;0,351;0,353;0,362;0,79;1,036;0,877;0,967;0,81;0,57;0,69;0,953;0,829;0,898;0,902;0,612;0,526;0,619;0,528;1,524;1,529;1,536;1,528;0,635;0,635;0,639;0,629;1,384;1,337;1,428;1,4;0,758;0,781;0,79;0,8;0,675;0,661;0,689;0,625;0,398;0,405;0,418;0,373;0,722;0,713;0,787;0,108;0,459;0,449;0,44;0,445
1070;0,544;0,687;0,674;0,686;0,399;0,352;0,363;0,363;0,769;1,029;0,856;0,917;0,811;0,593;0,695;0,948;0,829;0,886;0,92;0,612;0,531;0,623;0,529;1,525;1,53;1,538;1,529;0,636;0,635;0,639;0,629;1,392;1,351;1,441;1,414;0,759;0,781;0,791;0,8;0,699;0,684;0,715;0,645;0,405;0,413;0,427;0,379;0,738;0,726;0,841;0,111;0,461;0,452;0,443;0,447
1080;0,546;0,694;0,672;0,681;0,395;0,352;0,363;0,363;0,781;1,02;0,839;0,944;0,813;0,602;0,695;0,958;0,813;0,89;0,919;0,607;0,52;0,619;0,557;1,527;1,532;1,539;1,531;0,636;0,635;0,639;0,629;1,401;1,353;1,436;1,426;0,759;0,781;0,79;0,799;0,724;0,708;0,735;0,665;0,423;0,42;0,431;0,387;0,748;0,739;0,849;0,113;0,464;0,454;0,446;0,45
1090;0,546;0,7;0,677;0,681;0,394;0,353;0,353;0,372;0,728;1,009;0,844;0,915;0,815;0,593;0,695;0,948;0,84;0,915;0,905;0,622;0,535;0,609;0,536;1,528;1,533;1,539;1,532;0,636;0,635;0,639;0,629;1,408;1,361;1,442;1,435;0,759;0,781;0,79;0,799;0,749;0,729;0,76;0,687;0,445;0,429;0,437;0,395;0,765;0,753;0,85;0,116;0,467;0,458;0,449;0,454
1100;0,547;0,704;0,674;0,674;0,394;0,352;0,361;0,367;0,75;0,977;0,819;0,899;0,812;0,592;0,696;0,933;0,812;0,896;0,887;0,599;0,531;0,632;0,539;1,528;1,533;1,54;1,532;0,636;0,635;0,639;0,629;1,416;1,369;1,45;1,44;0,758;0,78;0,789;0,798;0,772;0,751;0,785;0,708;0,46;0,439;0,439;0,402;0,772;0,769;0,894;0,12;0,469;0,461;0,452;0,456
1110;0,546;0,705;0,668;0,683;0,401;0,353;0,36;0,376;0,746;0,974;0,842;0,947;0,811;0,597;0,695;0,938;0,797;0,869;0,898;0,614;0,544;0,641;0,544;1,528;1,533;1,54;1,533;0,635;0,635;0,639;0,629;1,424;1,379;1,455;1,447;0,758;0,78;0,788;0,798;0,796;0,775;0,815;0,731;0,469;0,454;0,454;0,409;0,783;0,777;0,952;0,125;0,471;0,464;0,455;0,459
1120;0,545;0,702;0,671;0,674;0,396;0,349;0,359;0,361;0,766;0,973;0,821;0,901;0,824;0,622;0,696;0,942;0,789;0,865;0,877;0,607;0,529;0,628;0,538;1,528;1,533;1,54;1,532;0,635;0,635;0,639;0,629;1,43;1,393;1,463;1,455;0,757;0,779;0,787;0,797;0,82;0,797;0,837;0,753;0,477;0,473;0,469;0,417;0,793;0,791;0,939;0,133;0,473;0,465;0,457;0,462
1130;0,547;0,701;0,669;0,671;0,4;0,351;0,359;0,36;0,761;0,974;0,806;0,854;0,826;0,613;0,697;0,937;0,799;0,885;0,867;0,635;0,524;0,641;0,562;1,528;1,532;1,54;1,531;0,635;0,635;0,638;0,628;1,442;1,394;1,471;1,46;0,756;0,778;0,785;0,796;0,846;0,82;0,863;0,775;0,483;0,483;0,472;0,426;0,819;0,796;0,968;0,136;0,476;0,468;0,46;0,464
1140;0,547;0,701;0,667;0,681;0,398;0,353;0,361;0,363;0,793;0,95;0,79;0,832;0,828;0,629;0,695;0,936;0,8;0,939;0,869;0,658;0,554;0,653;0,555;1,527;1,532;1,54;1,531;0,635;0,635;0,638;0,629;1,45;1,4;1,476;1,467;0,755;0,778;0,785;0,796;0,869;0,844;0,892;0,798;0,492;0,487;0,481;0,438;0,815;0,807;0,977;0,143;0,478;0,471;0,462;0,466
1150;0,548;0,701;0,661;0,679;0,394;0,35;0,357;0,36;0,793;0,938;0,802;0,818;0,819;0,63;0,694;0,929;0,803;1,045;0,866;0,626;0,526;0,678;0,569;1,526;1,531;1,539;1,53;0,634;0,634;0,637;0,628;1,46;1,413;1,482;1,473;0,754;0,777;0,785;0,795;0,895;0,868;0,912;0,821;0,497;0,496;0,488;0,444;0,825;0,825;0,978;0,153;0,479;0,473;0,465;0,468
1160;0,546;0,701;0,661;0,679;0,394;0,35;0,357;0,361;0,783;0,911;0,77;0,826;0,821;0,635;0,697;0,933;0,789;1,056;0,869;0,651;0,532;0,681;0,577;1,525;1,53;1,538;1,529;0,634;0,633;0,637;0,627;1,466;1,414;1,485;1,478;0,753;0,776;0,784;0,795;0,918;0,891;0,941;0,843;0,501;0,503;0,498;0,456;0,836;0,826;0,972;0,171;0,481;0,475;0,468;0,471
1170;0,547;0,702;0,661;0,678;0,394;0,355;0,36;0,359;0,767;0,913;0,852;0,795;0,825;0,632;0,688;0,936;0,79;0,953;0,857;0,658;0,552;0,676;0,551;1,523;1,528;1,536;1,528;0,633;0,633;0,637;0,627;1,472;1,419;1,492;1,485;0,752;0,775;0,783;0,794;0,943;0,916;0,964;0,865;0,506;0,508;0,509;0,465;0,845;0,837;0,979;0,168;0,483;0,478;0,47;0,473
1180;0,547;0,696;0,653;0,679;0,393;0,352;0,36;0,359;0,77;0,908;0,853;0,812;0,84;0,63;0,711;0,921;0,798;0,937;0,859;0,661;0,566;0,703;0,545;1,522;1,527;1,535;1,526;0,633;0,633;0,636;0,627;1,478;1,426;1,496;1,489;0,752;0,775;0,782;0,794;0,969;0,941;0,987;0,885;0,512;0,514;0,518;0,471;0,856;0,846;0,999;0,176;0,485;0,48;0,472;0,475
1190;0,547;0,699;0,654;0,677;0,389;0,358;0,362;0,369;0,773;0,905;0,818;0,795;0,836;0,627;0,721;0,931;0,802;1,058;0,869;0,642;0,552;0,683;0,544;1,521;1,525;1,534;1,525;0,632;0,632;0,636;0,626;1,483;1,432;1,504;1,495;0,751;0,774;0,782;0,794;0,994;0,967;1,012;0,906;0,52;0,52;0,526;0,481;0,864;0,855;1,018;0,188;0,486;0,482;0,474;0,477
1200;0,545;0,706;0,649;0,673;0,401;0,345;0,361;0,36;0,783;0,897;0,805;0,829;0,832;0,626;0,715;0,917;0,8;1,051;0,855;0,609;0,552;0,681;0,556;1,519;1,524;1,533;1,524;0,632;0,631;0,635;0,625;1,489;1,437;1,507;1,501;0,751;0,774;0,781;0,793;1,018;0,991;1,031;0,927;0,523;0,527;0,55;0,487;0,874;0,864;0,885;0,207;0,488;0,484;0,476;0,479
1210;0,545;0,7;0,647;0,672;0,39;0,344;0,358;0,361;0,727;0,888;0,802;0,805;0,835;0,626;0,71;0,919;0,795;1,026;0,857;0,651;0,552;0,679;0,536;1,518;1,522;1,531;1,521;0,631;0,631;0,634;0,625;1,493;1,449;1,512;1,508;0,75;0,773;0,78;0,792;1,043;1,015;1,051;0,947;0,527;0,528;0,558;0,495;0,881;0,875;0,895;0,21;0,489;0,486;0,478;0,481
1220;0,545;0,702;0,646;0,672;0,389;0,346;0,351;0,36;0,754;0,879;0,83;0,776;0,836;0,631;0,716;0,924;0,799;1,045;0,856;0,646;0,575;0,681;0,536;1,517;1,521;1,529;1,521;0,63;0,63;0,634;0,625;1,499;1,449;1,519;1,513;0,749;0,772;0,779;0,792;1,065;1,039;1,073;0,967;0,528;0,529;0,57;0,498;0,889;0,881;0,901;0,221;0,491;0,488;0,48;0,483
1230;0,543;0,697;0,64;0,667;0,383;0,345;0,358;0,355;0,77;0,864;0,842;0,807;0,831;0,634;0,715;0,922;0,793;1,034;0,852;0,643;0,556;0,694;0,539;1,515;1,52;1,528;1,519;0,63;0,629;0,633;0,624;1,505;1,455;1,523;1,516;0,749;0,772;0,78;0,792;1,087;1,061;1,095;0,986;0,525;0,53;0,577;0,504;0,898;0,889;0,909;0,229;0,492;0,49;0,482;0,485
1240;0,542;0,697;0,635;0,669;0,385;0,343;0,357;0,365;0,886;0,859;0,851;0,789;0,83;0,635;0,715;0,919;0,8;1,048;0,848;0,646;0,554;0,686;0,553;1,514;1,519;1,527;1,518;0,629;0,629;0,632;0,623;1,509;1,464;1,53;1,521;0,749;0,771;0,779;0,791;1,106;1,084;1,114;1,007;0,525;0,528;0,582;0,507;0,906;0,91;0,916;0,244;0,493;0,492;0,484;0,487
1250;0,543;0,697;0,641;0,664;0,384;0,343;0,364;0,353;0,718;0,852;0,853;0,804;0,828;0,632;0,716;0,927;0,804;1,033;0,852;0,642;0,572;0,702;0,552;1,513;1,518;1,526;1,517;0,628;0,628;0,632;0,622;1,514;1,465;1,535;1,526;0,748;0,771;0,779;0,791;1,124;1,105;1,137;1,024;0,523;0,526;0,585;0,512;0,913;0,904;0,923;0,261;0,495;0,494;0,485;0,489
1260;0,543;0,703;0,633;0,664;0,375;0,34;0,357;0,353;0,797;0,855;0,852;0,8;0,828;0,631;0,706;0,927;0,798;1,06;0,843;0,645;0,576;0,711;0,546;1,512;1,517;1,525;1,515;0,628;0,628;0,631;0,622;1,518;1,472;1,539;1,531;0,748;0,771;0,779;0,79;1,141;1,127;1,164;1,043;0,521;0,524;0,588;0,513;0,922;0,912;0,93;0,269;0,496;0,496;0,487;0,491
1270;0,541;0,705;0,638;0,664;0,373;0,337;0,347;0,35;0,837;0,844;0,854;0,836;0,828;0,629;0,707;0,92;0,795;1,066;0,837;0,648;0,566;0,723;0,549;1,511;1,516;1,524;1,514;0,627;0,627;0,631;0,621;1,523;1,476;1,545;1,539;0,747;0,771;0,779;0,79;1,155;1,147;1,185;1,061;0,518;0,521;0,589;0,515;0,928;0,92;0,937;0,288;0,497;0,497;0,489;0,493
1280;0,55;0,7;0,628;0,662;0,374;0,335;0,35;0,351;0,843;0,837;0,861;0,848;0,833;0,632;0,707;0,919;0,795;1,058;0,838;0,64;0,572;0,706;0,563;1,51;1,515;1,523;1,513;0,627;0,626;0,63;0,621;1,528;1,481;1,548;1,544;0,747;0,77;0,778;0,79;1,17;1,165;1,214;1,077;0,516;0,519;0,592;0,516;0,94;0,945;0,943;0,305;0,498;0,5;0,491;0,494
1290;0,554;0,715;0,63;0,66;0,365;0,332;0,347;0,347;0,938;0,83;0,885;0,811;0,823;0,627;0,703;0,916;0,796;1,071;0,835;0,635;0,563;0,724;0,535;1,509;1,514;1,522;1,512;0,626;0,625;0,629;0,62;1,534;1,487;1,553;1,545;0,747;0,77;0,778;0,789;1,182;1,181;1,226;1,093;0,514;0,516;0,594;0,518;0,942;0,933;0,95;0,32;0,499;0,501;0,493;0,496
1300;0,546;0,71;0,629;0,66;0,361;0,331;0,339;0,343;0,93;0,825;0,969;0,855;0,824;0,628;0,704;0,931;0,796;1,059;0,834;0,618;0,563;0,719;0,561;1,508;1,513;1,521;1,511;0,625;0,625;0,628;0,619;1,537;1,492;1,558;1,55;0,746;0,77;0,777;0,789;1,194;1,197;1,239;1,109;0,512;0,514;0,595;0,52;0,949;0,939;0,956;0,338;0,5;0,502;0,494;0,498
1310;0,546;0,727;0,624;0,659;0,36;0,328;0,349;0,338;1,008;0,819;1,111;0,906;0,821;0,627;0,705;0,928;0,794;1,049;0,836;0,637;0,566;0,712;0,549;1,507;1,512;1,519;1,51;0,625;0,625;0,628;0,619;1,542;1,497;1,563;1,557;0,746;0,769;0,777;0,789;1,203;1,212;1,251;1,125;0,509;0,512;0,596;0,519;0,956;0,955;0,984;0,43;0,501;0,504;0,495;0,499
1320;0,561;0,729;0,611;0,655;0,355;0,324;0,342;0,339;0,842;0,82;1,036;0,871;0,814;0,625;0,701;0,949;0,798;1,036;0,844;0,645;0,576;0,719;0,55;1,506;1,512;1,519;1,51;0,624;0,624;0,627;0,618;1,546;1,502;1,567;1,56;0,746;0,769;0,777;0,788;1,213;1,225;1,265;1,137;0,52;0,51;0,597;0,518;0,963;0,952;0,995;0,388;0,502;0,506;0,497;0,501
1330;0,559;0,727;0,62;0,655;0,351;0,322;0,335;0,335;0,916;1,028;0,919;0,842;0,812;0,621;0,699;0,985;0,799;1,009;0,827;0,634;0,568;0,717;0,548;1,505;1,511;1,518;1,509;0,624;0,623;0,626;0,618;1,55;1,506;1,571;1,565;0,745;0,768;0,776;0,787;1,222;1,238;1,279;1,153;0,514;0,509;0,597;0,518;0,969;0,959;0,99;0,412;0,503;0,507;0,498;0,502
1340;0,56;0,731;0,621;0,656;0,348;0,321;0,335;0,336;0,788;1,066;0,722;0,834;0,81;0,617;0,693;0,984;0,803;0,954;0,837;0,629;0,569;0,717;0,544;1,505;1,51;1,518;1,508;0,623;0,623;0,626;0,617;1,556;1,512;1,576;1,569;0,746;0,768;0,776;0,787;1,234;1,25;1,29;1,166;0,511;0,507;0,596;0,518;0,977;0,974;0,982;0,428;0,504;0,509;0,5;0,505
1350;0,578;0,734;0,617;0,657;0,346;0,316;0,329;0,328;0,981;1,119;0,639;0,827;0,806;0,616;0,693;0,981;0,801;0,955;0,833;0,626;0,556;0,718;0,54;1,503;1,509;1,516;1,507;0,622;0,622;0,625;0,616;1,559;1,517;1,581;1,576;0,745;0,768;0,776;0,787;1,242;1,261;1,299;1,178;0,51;0,504;0,598;0,517;0,981;0,971;1,041;0,498;0,505;0,51;0,502;0,506
1360;0,56;0,733;0,613;0,66;0,342;0,314;0,329;0,336;0,86;1,139;0,603;0,822;0,803;0,611;0,688;0,956;0,813;1,023;0,84;0,62;0,578;0,711;0,535;1,502;1,508;1,516;1,506;0,621;0,621;0,625;0,616;1,563;1,522;1,584;1,582;0,745;0,767;0,775;0,786;1,251;1,274;1,301;1,189;0,509;0,503;0,598;0,516;0,986;0,976;0,993;0,51;0,505;0,511;0,503;0,507
1370;0,556;0,73;0,625;0,669;0,335;0,309;0,322;0,319;0,914;0,572;0,583;0,814;0,799;0,607;0,682;0,951;0,806;1,014;0,847;0,604;0,574;0,706;0,528;1,502;1,507;1,515;1,505;0,621;0,621;0,624;0,615;1,567;1,527;1,59;1,583;0,745;0,767;0,775;0,786;1,262;1,283;1,305;1,201;0,508;0,503;0,598;0,514;0,991;0,982;0,997;0,558;0,505;0,512;0,504;0,508
1380;0,554;0,732;0,621;0,668;0,338;0,307;0,322;0,315;0,973;0,57;0,592;0,814;0,796;0,602;0,681;0,982;0,813;1,009;0,837;0,601;0,571;0,701;0,523;1,501;1,506;1,514;1,504;0,621;0,62;0,623;0,615;1,571;1,531;1,593;1,587;0,744;0,767;0,774;0,786;1,27;1,293;1,308;1,211;0,507;0,5;0,599;0,514;0,997;0,987;0,999;0,601;0,506;0,513;0,505;0,51
1390;0,558;0,744;0,609;0,669;0,329;0,302;0,321;0,313;0,877;0,578;0,601;0,816;0,789;0,599;0,672;0,986;0,812;1,039;0,837;0,584;0,565;0,698;0,525;1,5;1,505;1,513;1,503;0,62;0,619;0,623;0,613;1,575;1,535;1,598;1,591;0,744;0,767;0,774;0,785;1,282;1,297;1,31;1,219;0,508;0,498;0,597;0,513;1,004;0,992;1,004;0,588;0,506;0,515;0,507;0,511
1400;0,552;0,741;0,617;0,669;0,326;0,301;0,313;0,312;1,013;0,572;0,609;0,815;0,787;0,596;0,667;0,971;0,815;1,041;0,845;0,574;0,556;0,693;0,516;1,499;1,504;1,511;1,502;0,619;0,619;0,622;0,613;1,579;1,54;1,602;1,599;0,744;0,767;0,774;0,785;1,291;1,304;1,316;1,232;0,505;0,499;0,597;0,513;1,008;0,997;1,009;0,652;0,507;0,516;0,509;0,512
1410;0,555;0,738;0,621;0,671;0,322;0,297;0,312;0,309;0,816;0,573;0,614;0,811;0,782;0,594;0,666;0,96;0,815;1,043;0,847;0,611;0,548;0,685;0,511;1,498;1,503;1,511;1,501;0,618;0,618;0,621;0,612;1,583;1,545;1,605;1,6;0,744;0,766;0,774;0,785;1,305;1,313;1,322;1,24;0,504;0,497;0,597;0,512;1,013;1,002;1,012;0,812;0,507;0,517;0,51;0,513
1420;0,556;0,742;0,615;0,671;0,319;0,289;0,306;0,306;0,826;0,575;0,609;0,814;0,778;0,587;0,664;0,961;0,811;1,06;0,845;0,616;0,542;0,685;0,504;1,497;1,502;1,51;1,501;0,618;0,618;0,621;0,612;1,588;1,549;1,609;1,604;0,744;0,766;0,774;0,784;1,31;1,323;1,33;1,249;0,507;0,496;0,596;0,513;1,018;1,008;1,08;0,696;0,507;0,518;0,511;0,514
1430;0,559;0,739;0,612;0,672;0,317;0,287;0,304;0,3;0,985;0,575;0,615;0,812;0,775;0,595;0,654;0,95;0,823;1,054;0,842;0,585;0,538;0,681;0,501;1,496;1,501;1,509;1,499;0,617;0,617;0,62;0,611;1,59;1,553;1,613;1,606;0,743;0,765;0,774;0,784;1,318;1,325;1,335;1,256;0,505;0,499;0,596;0,511;1,024;1,012;1,022;0,739;0,508;0,519;0,512;0,515
1440;0,554;0,736;0,619;0,671;0,316;0,284;0,3;0,294;0,974;0,577;0,622;0,824;0,768;0,586;0,656;0,949;0,817;1,083;0,841;0,592;0,533;0,68;0,497;1,495;1,5;1,508;1,498;0,617;0,616;0,619;0,611;1,594;1,557;1,618;1,61;0,743;0,765;0,773;0,783;1,327;1,328;1,344;1,264;0,502;0,499;0,596;0,511;1,028;1,017;1,046;0,767;0,508;0,519;0,512;0,516
1450;0,562;0,731;0,612;0,673;0,307;0,281;0,297;0,29;0,949;0,577;0,626;0,826;0,762;0,606;0,653;0,951;0,818;1,069;0,843;0,556;0,528;0,672;0,491;1,494;1,499;1,506;1,497;0,616;0,616;0,619;0,61;1,598;1,563;1,62;1,614;0,743;0,765;0,773;0,783;1,329;1,332;1,348;1,269;0,501;0,499;0,595;0,51;1,033;1,025;1,03;0,791;0,508;0,52;0,513;0,516
1460;0,57;0,74;0,619;0,682;0,307;0,278;0,293;0,287;0,912;0,578;0,622;0,827;0,758;0,578;0,647;0,951;0,819;1,085;0,849;0,625;0,525;0,666;0,486;1,493;1,497;1,505;1,496;0,616;0,615;0,619;0,61;1,601;1,569;1,625;1,617;0,742;0,765;0,773;0,783;1,34;1,335;1,356;1,276;0,503;0,499;0,595;0,509;1,04;1,027;1,034;0,86;0,508;0,521;0,514;0,518
1470;0,567;0,744;0,615;0,68;0,303;0,273;0,292;0,299;0,922;0,578;0,623;0,823;0,756;0,572;0,64;0,95;0,817;1,076;0,842;0,62;0,521;0,658;0,481;1,491;1,496;1,504;1,495;0,615;0,615;0,618;0,609;1,605;1,57;1,628;1,622;0,743;0,765;0,772;0,783;1,347;1,336;1,358;1,281;0,523;0,5;0,593;0,508;1,043;1,038;1,045;0,748;0,508;0,522;0,515;0,518
1480;0,562;0,74;0,614;0,691;0,3;0,271;0,286;0,282;0,926;0,579;0,623;0,818;0,749;0,575;0,634;0,978;0,824;1,084;0,85;0,59;0,518;0,653;0,474;1,491;1,495;1,502;1,494;0,615;0,614;0,617;0,608;1,607;1,575;1,632;1,625;0,742;0,764;0,772;0,782;1,351;1,337;1,365;1,288;0,506;0,5;0,593;0,508;1,047;1,035;1,042;0,903;0,508;0,523;0,516;0,519
1490;0,576;0,737;0,624;0,689;0,296;0,269;0,279;0,279;0,916;0,604;0,63;0,815;0,744;0,568;0,637;0,974;0,818;1,074;0,849;0,589;0,512;0,647;0,464;1,489;1,493;1,501;1,493;0,614;0,613;0,617;0,607;1,613;1,578;1,636;1,629;0,742;0,764;0,773;0,782;1,372;1,342;1,371;1,29;0,505;0,5;0,592;0,507;1,051;1,05;1,045;0,891;0,508;0,523;0,517;0,519
1500;0,565;0,74;0,617;0,69;0,296;0,264;0,282;0,272;0,919;0,581;0,598;0,809;0,741;0,592;0,63;0,964;0,83;1,085;0,846;0,585;0,52;0,639;0,462;1,488;1,492;1,5;1,492;0,614;0,613;0,616;0,607;1,615;1,582;1,639;1,64;0,742;0,764;0,772;0,782;1,367;1,332;1,372;1,296;0,504;0,499;0,591;0,508;1,056;1,044;1,049;1,161;0,508;0,524;0,518;0,52
1510;0,518;0,741;0,609;0,69;0,293;0,261;0,276;0,275;0,928;0,581;0,594;0,806;0,735;0,558;0,623;0,975;0,829;1,088;0,843;0,578;0,5;0,635;0,456;1,487;1,491;1,498;1,489;0,613;0,612;0,616;0,606;1,617;1,585;1,643;1,663;0,741;0,763;0,772;0,781;1,37;1,315;1,376;1,298;0,504;0,5;0,59;0,506;1,06;1,048;1,053;0,864;0,507;0,524;0,518;0,521
1520;0,545;0,75;0,612;0,694;0,289;0,259;0,272;0,27;0,948;0,582;0,591;0,803;0,73;0,551;0,618;0,962;0,826;1,081;0,845;0,571;0,497;0,627;0,455;1,486;1,489;1,497;1,488;0,613;0,612;0,615;0,606;1,62;1,589;1,645;1,665;0,741;0,763;0,771;0,781;1,369;1,326;1,378;1,304;0,503;0,501;0,589;0,506;1,065;1,052;1,057;0,785;0,507;0,525;0,519;0,522
1530;0,556;0,74;0,608;0,695;0,287;0,258;0,267;0,267;0,972;0,582;0,588;0,805;0,724;0,549;0,62;0,96;0,823;1,06;0,843;0,565;0,492;0,623;0,451;1,483;1,487;1,494;1,486;0,612;0,611;0,615;0,606;1,623;1,593;1,649;1,678;0,741;0,763;0,771;0,78;1,365;1,29;1,384;1,309;0,505;0,501;0,587;0,505;1,069;1,061;1,06;0,925;0,507;0,526;0,519;0,522
1540;0,548;0,747;0,611;0,695;0,285;0,255;0,266;0,263;1,093;0,584;0,595;0,799;0,719;0,583;0,612;0,96;0,83;1,074;0,85;0,561;0,493;0,615;0,45;1,481;1,484;1,492;1,484;0,611;0,611;0,614;0,605;1,626;1,597;1,652;1,673;0,741;0,762;0,772;0,78;1,36;1,272;1,384;1,323;0,505;0,501;0,587;0,504;1,074;1,065;1,063;1,02;0,506;0,526;0,52;0,522
1550;0,564;0,727;0,61;0,693;0,288;0,253;0,265;0,263;1,092;0,584;0,607;0,8;0,714;0,541;0,608;0,975;0,83;1,083;0,852;0,556;0,493;0,61;0,442;1,479;1,482;1,489;1,481;0,611;0,61;0,613;0,605;1,628;1,6;1,655;1,673;0,74;0,761;0,771;0,78;1,355;1,259;1,379;1,326;0,501;0,501;0,586;0,504;1,077;1,065;1,067;0,953;0,506;0,526;0,52;0,523
1560;0,555;0,736;0,618;0,694;0,281;0,254;0,258;0,26;1,102;0,584;0,601;0,795;0,711;0,558;0,613;0,993;0,829;1,083;0,852;0,553;0,48;0,607;0,435;1,477;1,48;1,487;1,48;0,61;0,61;0,613;0,604;1,631;1,604;1,659;1,671;0,74;0,762;0,771;0,779;1,354;1,242;1,382;1,332;0,504;0,502;0,584;0,505;1,081;1,069;1,07;0,92;0,507;0,526;0,521;0,523
1570;0,552;0,745;0,611;0,694;0,285;0,247;0,261;0,259;1,069;0,584;0,609;0,798;0,706;0,55;0,602;0,994;0,824;1,082;0,845;0,548;0,476;0,6;0,43;1,474;1,478;1,484;1,477;0,609;0,609;0,612;0,603;1,634;1,607;1,663;1,672;0,739;0,761;0,77;0,779;1,347;1,228;1,375;1,332;0,5;0,503;0,582;0,504;1,084;1,072;1,073;0,968;0,505;0,527;0,521;0,524
1580;0,555;0,742;0,613;0,695;0,28;0,247;0,258;0,256;1,012;0,586;0,623;0,797;0,702;0,549;0,606;1,002;0,826;1,065;0,845;0,544;0,472;0,596;0,425;1,472;1,476;1,482;1,475;0,609;0,609;0,612;0,603;1,637;1,611;1,667;1,671;0,739;0,761;0,769;0,779;1,349;1,212;1,371;1,327;0,5;0,502;0,58;0,503;1,09;1,076;1,077;0,955;0,505;0,527;0,521;0,524
1590;0,576;0,732;0,618;0,697;0,282;0,245;0,253;0,253;1,079;0,586;0,594;0,796;0,697;0,547;0,607;1,002;0,849;1,075;0,848;0,54;0,468;0,589;0,419;1,471;1,474;1,48;1,473;0,609;0,608;0,612;0,603;1,64;1,615;1,668;1,674;0,738;0,761;0,769;0,779;1,336;1,196;1,366;1,333;0,502;0,502;0,578;0,503;1,092;1,08;1,08;0,949;0,505;0,528;0,522;0,525
1600;0,551;0,734;0,614;0,695;0,273;0,243;0,252;0,254;1,106;0,586;0,605;0,796;0,693;0,547;0,604;0,996;0,861;1,077;0,839;0,537;0,465;0,586;0,416;1,468;1,472;1,479;1,471;0,608;0,608;0,611;0,602;1,643;1,618;1,671;1,679;0,737;0,76;0,769;0,778;1,331;1,176;1,352;1,344;0,502;0,502;0,575;0,502;1,097;1,083;1,083;1,012;0,504;0,527;0,522;0,524
1610;0,556;0,734;0,615;0,7;0,276;0,24;0,249;0,249;1,023;1,239;0,607;0,797;0,691;0,544;0,604;1;0,87;1,077;0,854;0,534;0,465;0,582;0,413;1,467;1,47;1,477;1,469;0,608;0,607;0,611;0,602;1,646;1,62;1,673;1,681;0,738;0,76;0,769;0,778;1,323;1,159;1,341;1,348;0,503;0,501;0,576;0,503;1,099;1,086;1,086;0,928;0,503;0,528;0,522;0,525
1620;0,526;0,73;0,615;0,699;0,272;0,238;0,251;0,247;1,023;1,058;0,587;0,796;0,687;0,542;0,601;0,994;0,878;1,075;0,85;0,531;0,463;0,578;0,409;1,465;1,468;1,475;1,467;0,607;0,607;0,61;0,601;1,649;1,624;1,675;1,685;0,738;0,76;0,768;0,777;1,32;1,142;1,333;1,35;0,501;0,502;0,573;0,501;1,106;1,089;1,089;0,981;0,503;0,528;0,523;0,525
1630;0,548;0,719;0,613;0,701;0,268;0,241;0,247;0,248;0,981;1,143;0,602;0,797;0,683;0,538;0,598;0,992;0,883;1,072;0,852;0,529;0,458;0,576;0,406;1,463;1,467;1,473;1,466;0,607;0,606;0,609;0,601;1,651;1,627;1,678;1,689;0,737;0,76;0,768;0,777;1,311;1,122;1,345;1,353;0,501;0,502;0,573;0,503;1,106;1,096;1,091;1,091;0,503;0,528;0,522;0,525
1640;0,532;0,732;0,612;0,699;0,272;0,235;0,243;0,244;1,106;0,942;0,59;0,789;0,678;0,535;0,595;0,996;0,891;1,065;0,852;0,527;0,456;0,571;0,403;1,462;1,465;1,472;1,464;0,606;0,606;0,609;0,6;1,653;1,633;1,682;1,692;0,737;0,759;0,768;0,777;1,307;1,107;1,331;1,351;0,5;0,502;0,569;0,502;1,111;1,095;1,094;1,109;0,502;0,528;0,523;0,526
1650;0,535;0,728;0,619;0,701;0,266;0,234;0,244;0,245;1,025;1,198;0,587;0,897;0,676;0,534;0,591;0,986;0,892;1,061;0,859;0,527;0,455;0,568;0,401;1,46;1,464;1,47;1,462;0,606;0,605;0,609;0,6;1,656;1,638;1,685;1,695;0,736;0,759;0,767;0,776;1,303;1,092;1,345;1,353;0,5;0,503;0,567;0,501;1,118;1,099;1,097;1,017;0,502;0,528;0,524;0,525
1660;0,526;0,726;0,616;0,701;0,267;0,233;0,242;0,244;0,882;1,203;0,609;0,834;0,674;0,531;0,589;0,971;0,895;1,062;0,845;0,526;0,452;0,566;0,397;1,459;1,462;1,468;1,461;0,605;0,605;0,608;0,599;1,659;1,637;1,69;1,699;0,736;0,758;0,766;0,776;1,299;1,077;1,394;1,355;0,501;0,501;0,564;0,501;1,115;1,101;1,099;1,141;0,501;0,528;0,523;0,525
1670;0,54;0,726;0,614;0,702;0,262;0,231;0,239;0,239;0,839;1,223;0,596;0,831;0,67;0,527;0,586;0,991;0,893;1,06;0,894;0,524;0,452;0,563;0,395;1,457;1,46;1,467;1,459;0,605;0,604;0,608;0,599;1,662;1,64;1,693;1,702;0,736;0,758;0,766;0,775;1,293;1,066;1,283;1,349;0,5;0,501;0,56;0,501;1,118;1,104;1,102;1,086;0,5;0,528;0,523;0,525
1680;0,529;0,727;0,611;0,7;0,263;0,231;0,239;0,238;0,937;1,194;0,595;0,869;0,668;0,524;0,583;0,968;0,894;1,056;0,871;0,523;0,448;0,561;0,394;1,455;1,459;1,465;1,458;0,604;0,604;0,608;0,598;1,665;1,644;1,697;1,707;0,735;0,757;0,766;0,775;1,285;1,053;1,282;1,358;0,5;0,5;0,556;0,501;1,121;1,107;1,104;0,973;0,5;0,528;0,523;0,526
1690;0,533;0,735;0,614;0,701;0,258;0,229;0,236;0,238;0,873;1,126;0,613;0,786;0,663;0,521;0,581;1;0,893;1,055;0,854;0,521;0,448;0,56;0,392;1,454;1,457;1,464;1,457;0,604;0,604;0,607;0,598;1,669;1,648;1,7;1,712;0,735;0,756;0,766;0,775;1,281;1,042;1,284;1,351;0,5;0,5;0,553;0,501;1,123;1,109;1,107;0,991;0,5;0,528;0,523;0,526
1700;0,53;0,723;0,613;0,7;0,259;0,231;0,239;0,238;0,925;1,068;0,597;0,834;0,659;0,519;0,579;0,992;0,893;1,053;0,845;0,519;0,445;0,557;0,389;1,452;1,455;1,462;1,454;0,603;0,603;0,606;0,597;1,671;1,653;1,705;1,715;0,735;0,756;0,765;0,774;1,275;1,04;1,253;1,348;0,503;0,5;0,549;0,501;1,127;1,112;1,109;1,036;0,499;0,528;0,523;0,525
1710;0,516;0,715;0,616;0,7;0,256;0,231;0,239;0,235;0,927;1,03;0,596;0,812;0,656;0,516;0,575;0,993;0,883;1,051;0,836;0,519;0,444;0,556;0,387;1,451;1,454;1,46;1,454;0,603;0,602;0,606;0,597;1,675;1,652;1,71;1,718;0,735;0,756;0,765;0,774;1,272;1,017;1,243;1,349;0,504;0,499;0,547;0,502;1,129;1,115;1,112;1,038;0,499;0,528;0,524;0,526
1720;0,539;0,729;0,614;0,702;0,256;0,226;0,238;0,233;0,913;1,063;0,587;0,798;0,653;0,514;0,574;0,987;0,883;1,047;0,839;0,518;0,444;0,554;0,386;1,449;1,452;1,458;1,452;0,603;0,602;0,606;0,597;1,677;1,655;1,714;1,723;0,734;0,756;0,763;0,773;1,264;1,038;1,224;1,348;0,503;0,5;0,542;0,502;1,132;1,116;1,114;1,137;0,499;0,528;0,524;0,525
1730;0,532;0,716;0,613;0,704;0,254;0,224;0,236;0,234;0,908;1,007;0,582;0,838;0,65;0,511;0,571;0,988;0,88;1,042;0,847;0,517;0,444;0,552;0,384;1,448;1,45;1,456;1,451;0,602;0,602;0,605;0,596;1,68;1,662;1,717;1,727;0,734;0,755;0,763;0,773;1,261;1,014;1,213;1,346;0,502;0,502;0,539;0,501;1,133;1,119;1,116;1,168;0,498;0,528;0,523;0,526
1740;0,525;0,726;0,615;0,705;0,254;0,229;0,233;0,238;0,844;0,901;0,592;0,833;0,645;0,509;0,569;0,976;0,883;1,039;0,843;0,515;0,444;0,549;0,383;1,446;1,448;1,454;1,449;0,602;0,602;0,605;0,596;1,683;1,665;1,719;1,73;0,734;0,755;0,763;0,772;1,256;1,018;1,228;1,346;0,502;0,503;0,533;0,502;1,136;1,121;1,118;1,105;0,498;0,528;0,524;0,526
1750;0,504;0,715;0,611;0,707;0,252;0,222;0,233;0,234;1,007;0,671;0,593;0,801;0,643;0,507;0,567;0,979;0,882;1,036;0,832;0,514;0,442;0,549;0,381;1,445;1,447;1,453;1,448;0,602;0,601;0,605;0,596;1,685;1,667;1,723;1,734;0,733;0,755;0,763;0,772;1,252;1,133;1,201;1,346;0,502;0,504;0,53;0,501;1,14;1,136;1,12;1,042;0,497;0,528;0,524;0,526
1760;0,506;0,715;0,615;0,709;0,252;0,221;0,229;0,231;0,946;0,673;0,573;0,866;0,641;0,505;0,565;0,978;0,885;1,031;0,848;0,513;0,441;0,548;0,379;1,442;1,444;1,451;1,446;0,601;0,6;0,604;0,595;1,69;1,669;1,728;1,738;0,733;0,754;0,762;0,771;1,249;1,341;1,189;1,344;0,501;0,504;0,526;0,501;1,139;1,125;1,124;1,15;0,496;0,528;0,524;0,525
1770;0,51;0,717;0,613;0,713;0,252;0,22;0,234;0,229;0,903;0,673;0,573;0,852;0,638;0,503;0,562;0,973;0,884;1,027;0,842;0,512;0,441;0,545;0,377;1,441;1,442;1,449;1,445;0,6;0,6;0,604;0,595;1,692;1,67;1,734;1,742;0,732;0,754;0,762;0,771;1,243;1,506;1,17;1,346;0,502;0,506;0,523;0,5;1,143;1,128;1,124;1,217;0,495;0,528;0,523;0,525
1780;0,497;0,714;0,613;0,707;0,249;0,218;0,231;0,228;0,864;0,672;0,572;0,853;0,635;0,501;0,561;0,974;0,884;1,022;0,834;0,511;0,439;0,544;0,376;1,439;1,441;1,448;1,443;0,6;0,6;0,603;0,594;1,695;1,675;1,736;1,743;0,732;0,753;0,762;0,77;1,239;1,537;1,176;1,344;0,501;0,507;0,519;0,5;1,143;1,129;1,125;1,016;0,494;0,527;0,523;0,525
1790;0,514;0,709;0,614;0,706;0,247;0,218;0,23;0,225;0,831;0,677;0,569;0,841;0,632;0,5;0,56;0,968;0,884;1,018;0,846;0,511;0,444;0,543;0,375;1,438;1,439;1,446;1,441;0,6;0,599;0,603;0,594;1,698;1,677;1,74;1,746;0,732;0,753;0,761;0,77;1,237;1,581;1,16;1,343;0,502;0,51;0,516;0,501;1,145;1,13;1,127;0,991;0,494;0,527;0,524;0,525
1800;0,508;0,716;0,61;0,707;0,246;0,217;0,23;0,226;0,867;0,673;0,562;0,842;0,628;0,498;0,557;0,975;0,883;1,013;0,818;0,51;0,437;0,542;0,374;1,435;1,437;1,443;1,44;0,599;0,599;0,603;0,594;1,7;1,684;1,741;1,745;0,731;0,752;0,761;0,769;1,232;1,62;1,164;1,343;0,501;0,513;0,513;0,5;1,145;1,132;1,129;1,121;0,492;0,527;0,523;0,525
1810;0,495;0,709;0,609;0,708;0,245;0,216;0,232;0,228;0,862;0,673;0,572;0,883;0,627;0,497;0,555;0,958;0,878;1,008;0,824;0,51;0,437;0,54;0,373;1,434;1,435;1,442;1,438;0,599;0,598;0,602;0,593;1,703;1,681;1,744;1,746;0,73;0,752;0,76;0,769;1,228;1,586;1,167;1,343;0,501;0,516;0,51;0,5;1,147;1,133;1,13;1,208;0,492;0,527;0,523;0,524
1820;0,508;0,718;0,611;0,706;0,245;0,216;0,228;0,222;0,951;0,667;0,562;0,829;0,624;0,494;0,552;0,958;0,876;1,003;0,829;0,508;0,436;0,538;0,372;1,432;1,433;1,44;1,437;0,598;0,598;0,601;0,593;1,707;1,693;1,747;1,746;0,73;0,751;0,76;0,768;1,226;1,626;1,159;1,343;0,502;0,52;0,505;0,501;1,149;1,135;1,132;1,035;0,492;0,526;0,523;0,524
1830;0,505;0,716;0,612;0,709;0,245;0,216;0,222;0,223;0,946;0,675;0,557;0,824;0,622;0,494;0,552;0,96;0,872;0,999;0,83;0,508;0,435;0,538;0,371;1,43;1,431;1,438;1,435;0,598;0,598;0,601;0,593;1,709;1,699;1,749;1,745;0,73;0,751;0,76;0,768;1,221;1,579;1,151;1,345;0,502;0,521;0,503;0,5;1,15;1,136;1,133;0,968;0,491;0,526;0,523;0,524
1840;0,499;0,71;0,609;0,707;0,242;0,213;0,226;0,224;1,009;0,676;0,566;0,819;0,62;0,492;0,549;0,961;0,871;0,998;0,81;0,506;0,434;0,535;0,37;1,428;1,429;1,436;1,434;0,598;0,597;0,601;0,592;1,712;1,707;1,751;1,746;0,729;0,75;0,76;0,767;1,219;1,648;1,147;1,344;0,502;0,523;0,5;0,499;1,151;1,137;1,134;1,051;0,491;0,526;0,522;0,524
1850;0,5;0,711;0,609;0,708;0,242;0,215;0,225;0,222;0,875;0,672;0,552;0,811;0,618;0,49;0,548;0,944;0,865;0,99;0,836;0,505;0,437;0,535;0,369;1,426;1,427;1,434;1,432;0,597;0,597;0,6;0,592;1,714;1,715;1,753;1,744;0,729;0,75;0,759;0,767;1,216;1,661;1,147;1,343;0,501;0,524;0,497;0,5;1,152;1,138;1,135;1,35;0,49;0,526;0,523;0,524
1860;0,497;0,714;0,607;0,713;0,241;0,212;0,223;0,22;0,918;0,674;0,555;0,861;0,615;0,489;0,547;0,945;0,862;0,987;0,834;0,502;0,436;0,533;0,367;1,424;1,425;1,432;1,43;0,597;0,596;0,6;0,591;1,716;1,712;1,754;1,744;0,728;0,75;0,759;0,766;1,214;1,671;1,222;1,343;0,501;0,524;0,497;0,5;1,153;1,138;1,137;1,393;0,49;0,526;0,523;0,524
1870;0,494;0,715;0,609;0,707;0,24;0,211;0,224;0,222;1,047;0,67;0,555;0,806;0,614;0,488;0,545;0,944;0,86;0,978;0,828;0,502;0,432;0,532;0,366;1,423;1,423;1,43;1,428;0,596;0,596;0,6;0,591;1,719;1,714;1,754;1,744;0,728;0,749;0,758;0,766;1,209;1,683;1,137;1,343;0,503;0,525;0,492;0,5;1,154;1,14;1,138;1,204;0,489;0,526;0,522;0,524
1880;0,494;0,71;0,611;0,714;0,239;0,21;0,221;0,221;1,041;0,671;0,546;0,85;0,612;0,486;0,544;0,96;0,856;0,977;0,832;0,502;0,431;0,53;0,365;1,421;1,421;1,428;1,427;0,596;0,596;0,599;0,591;1,722;1,716;1,755;1,744;0,728;0,749;0,758;0,766;1,206;1,581;1,137;1,343;0,501;0,525;0,493;0,499;1,155;1,139;1,144;1,12;0,488;0,525;0,522;0,523
1890;0,451;0,729;0,616;0,701;0,238;0,21;0,219;0,222;1,067;0,669;0,546;0,882;0,61;0,484;0,543;0,969;0,853;0,976;0,79;0,5;0,431;0,529;0,364;1,419;1,419;1,427;1,426;0,596;0,595;0,599;0,59;1,724;1,726;1,756;1,745;0,728;0,749;0,758;0,765;1,203;1,576;1,135;1,341;0,503;0,524;0,487;0,5;1,155;1,14;1,139;1,167;0,488;0,525;0,522;0,523
1900;0,485;0,706;0,611;0,703;0,237;0,208;0,217;0,221;1,095;0,668;0,542;0,792;0,608;0,484;0,54;0,959;0,85;0,967;0,788;0,499;0,431;0,528;0,363;1,417;1,417;1,424;1,424;0,595;0,595;0,598;0,59;1,726;1,728;1,755;1,745;0,727;0,749;0,757;0,765;1,198;1,593;1,127;1,342;0,504;0,523;0,487;0,503;1,156;1,14;1,14;1,096;0,487;0,524;0,522;0,523
1910;0,48;0,7;0,605;0,701;0,236;0,209;0,217;0,219;1,098;0,67;0,562;0,829;0,606;0,483;0,54;0,961;0,846;0,963;0,807;0,498;0,44;0,526;0,361;1,415;1,414;1,422;1,422;0,595;0,595;0,598;0,59;1,729;1,73;1,754;1,745;0,727;0,748;0,757;0,765;1,196;1,505;1,123;1,341;0,506;0,525;0,484;0,502;1,157;1,141;1,141;1,114;0,487;0,524;0,522;0,523
1920;0,476;0,712;0,606;0,711;0,236;0,208;0,218;0,219;0,899;0,671;0,55;0,791;0,605;0,481;0,538;0,958;0,841;0,958;0,789;0,497;0,427;0,525;0,36;1,413;1,412;1,42;1,421;0,595;0,594;0,598;0,589;1,732;1,726;1,754;1,744;0,726;0,748;0,757;0,764;1,192;1,767;1,122;1,34;0,505;0,524;0,482;0,501;1,157;1,141;1,141;1,005;0,486;0,524;0,521;0,523
1930;0,476;0,698;0,602;0,724;0,235;0,207;0,217;0,219;0,854;0,666;0,556;0,789;0,604;0,48;0,536;0,959;0,839;0,953;0,786;0,496;0,425;0,523;0,357;1,411;1,41;1,417;1,419;0,594;0,594;0,597;0,589;1,733;1,738;1,753;1,745;0,726;0,748;0,757;0,763;1,188;1,803;1,096;1,337;0,507;0,525;0,481;0,502;1,157;1,142;1,142;1,037;0,485;0,524;0,521;0,522
1940;0,475;0,709;0,608;0,7;0,234;0,206;0,215;0,217;1,151;0,668;0,573;0,785;0,603;0,479;0,536;0,957;0,838;0,946;0,782;0,494;0,426;0,521;0,357;1,409;1,408;1,416;1,417;0,594;0,593;0,597;0,589;1,736;1,742;1,754;1,746;0,725;0,747;0,756;0,763;1,184;1,795;1,097;1,338;0,506;0,525;0,478;0,503;1,157;1,142;1,142;1,019;0,484;0,524;0,521;0,522
1950;0,472;0,702;0,603;0,713;0,233;0,206;0,218;0,216;1,054;0,665;0,563;0,81;0,602;0,477;0,535;0,949;0,83;0,938;0,779;0,493;0,425;0,52;0,357;1,407;1,406;1,414;1,415;0,593;0,593;0,597;0,588;1,738;1,748;1,754;1,746;0,725;0,747;0,756;0,763;1,182;1,742;1,086;1,338;0,507;0,525;0,478;0,502;1,158;1,142;1,143;1,178;0,484;0,524;0,521;0,523
1960;0,46;0,695;0,599;0,696;0,232;0,207;0,216;0,216;1,045;0,664;0,579;0,788;0,6;0,476;0,534;0,95;0,826;0,939;0,776;0,492;0,423;0,519;0,357;1,405;1,404;1,411;1,413;0,593;0,593;0,597;0,588;1,739;1,749;1,754;1,748;0,725;0,747;0,756;0,763;1,18;1,693;1,079;1,338;0,508;0,524;0,477;0,502;1,158;1,143;1,144;0,955;0,484;0,524;0,521;0,522
1970;0,464;0,699;0,598;0,695;0,233;0,205;0,218;0,215;1,162;0,656;0,569;0,787;0,599;0,475;0,533;0,949;0,822;0,934;0,77;0,491;0,422;0,516;0,355;1,403;1,402;1,409;1,412;0,593;0,592;0,596;0,588;1,741;1,751;1,754;1,748;0,724;0,747;0,755;0,762;1,178;1,674;1,069;1,338;0,509;0,525;0,477;0,501;1,158;1,143;1,144;1,019;0,484;0,524;0,52;0,522
1980;0,464;0,681;0,6;0,692;0,232;0,203;0,217;0,213;0,875;0,657;0,577;0,792;0,598;0,474;0,532;0,942;0,817;0,927;0,771;0,49;0,42;0,515;0,354;1,401;1,4;1,407;1,409;0,592;0,592;0,595;0,587;1,742;1,742;1,753;1,747;0,724;0,746;0,754;0,762;1,176;1,675;1,109;1,337;0,507;0,524;0,476;0,501;1,158;1,142;1,144;1,18;0,483;0,523;0,52;0,521
1990;0,464;0,695;0,597;0,691;0,231;0,205;0,218;0,211;1,081;0,654;0,569;0,786;0,597;0,473;0,53;0,933;0,815;0,918;0,766;0,488;0,419;0,513;0,353;1,399;1,397;1,405;1,408;0,592;0,591;0,595;0,587;1,743;1,741;1,752;1,747;0,723;0,746;0,755;0,761;1,173;1,673;1,051;1,338;0,507;0,526;0,475;0,503;1,159;1,142;1,144;1,19;0,482;0,523;0,52;0,521
2000;0,456;0,692;0,596;0,691;0,23;0,204;0,209;0,214;1,187;0,666;0,556;0,79;0,597;0,472;0,53;0,941;0,812;0,915;0,764;0,487;0,419;0,512;0,352;1,397;1,395;1,403;1,406;0,592;0,591;0,595;0,587;1,744;1,735;1,752;1,747;0,723;0,746;0,754;0,761;1,171;1,656;1,052;1,336;0,507;0,524;0,474;0,501;1,158;1,142;1,15;1,18;0,482;0,523;0,52;0,521
2010;0,458;0,698;0,596;0,691;0,23;0,203;0,214;0,215;1,15;0,664;0,545;0,786;0,596;0,47;0,529;0,939;0,807;0,909;0,762;0,486;0,42;0,51;0,351;1,395;1,393;1,401;1,404;0,591;0,591;0,595;0,586;1,743;1,736;1,752;1,748;0,723;0,746;0,754;0,761;1,175;1,683;1,046;1,34;0,51;0,525;0,474;0,5;1,159;1,142;1,145;1,21;0,482;0,523;0,52;0,521
2020;0,454;0,691;0,595;0,689;0,228;0,203;0,212;0,214;1,135;0,664;0,564;0,787;0,594;0,469;0,527;0,933;0,804;0,91;0,758;0,484;0,416;0,508;0,35;1,393;1,391;1,399;1,402;0,591;0,59;0,594;0,586;1,744;1,735;1,751;1,747;0,723;0,745;0,754;0,761;1,17;1,686;1,059;1,33;0,508;0,525;0,474;0,502;1,159;1,142;1,145;1,222;0,481;0,522;0,519;0,521
2030;0,442;0,696;0,597;0,689;0,228;0,202;0,214;0,213;1,154;0,662;0,537;0,786;0,594;0,468;0,527;0,929;0,799;0,899;0,756;0,484;0,424;0,507;0,35;1,39;1,389;1,397;1,401;0,59;0,589;0,594;0,586;1,744;1,729;1,75;1,747;0,723;0,745;0,754;0,76;1,17;1,664;1,043;1,319;0,508;0,525;0,474;0,501;1,159;1,142;1,145;1,141;0,481;0,522;0,519;0,521
2040;0,449;0,685;0,596;0,688;0,229;0,202;0,214;0,21;1,039;0,661;0,553;0,781;0,593;0,467;0,526;0,944;0,796;0,899;0,754;0,481;0,414;0,505;0,348;1,389;1,386;1,395;1,398;0,59;0,59;0,593;0,585;1,744;1,732;1,75;1,746;0,722;0,745;0,753;0,76;1,168;1,662;1,034;1,319;0,509;0,528;0,474;0,5;1,158;1,142;1,147;1,125;0,48;0,522;0,519;0,521
2050;0,446;0,684;0,598;0,687;0,227;0,201;0,211;0,212;1,046;0,659;0,522;0,786;0,593;0,466;0,525;0,94;0,792;0,879;0,751;0,48;0,414;0,503;0,347;1,387;1,384;1,392;1,397;0,59;0,589;0,593;0,585;1,744;1,735;1,75;1,746;0,722;0,745;0,753;0,76;1,166;1,665;1,026;1,314;0,509;0,527;0,475;0,5;1,158;1,141;1,145;1,398;0,481;0,521;0,519;0,521
2060;0,444;0,676;0,594;0,693;0,227;0,202;0,212;0,21;1,077;0,656;0,504;0,79;0,593;0,465;0,525;0,935;0,788;0,87;0,749;0,479;0,411;0,502;0,346;1,384;1,382;1,391;1,395;0,589;0,589;0,593;0,585;1,745;1,728;1,749;1,746;0,722;0,745;0,753;0,76;1,166;1,67;1,188;1,314;0,509;0,528;0,475;0,501;1,159;1,142;1,145;1,343;0,48;0,522;0,519;0,521
2070;0,441;0,685;0,592;0,685;0,226;0,2;0,211;0,209;1,081;0,656;0,535;0,786;0,593;0,464;0,523;0,925;0,785;0,874;0,761;0,478;0,412;0,5;0,345;1,382;1,38;1,388;1,393;0,589;0,588;0,592;0,585;1,743;1,726;1,748;1,746;0,722;0,745;0,753;0,759;1,166;1,661;1,029;1,315;0,509;0,527;0,474;0,5;1,158;1,141;1,145;1,337;0,479;0,521;0,518;0,521
2080;0,439;0,678;0,593;0,685;0,227;0,199;0,212;0,208;1,126;0,654;0,542;0,787;0,593;0,463;0,522;0,932;0,782;0,855;0,759;0,476;0,41;0,498;0,344;1,38;1,377;1,386;1,391;0,588;0,588;0,592;0,584;1,744;1,722;1,746;1,746;0,722;0,744;0,753;0,759;1,162;1,659;1,018;1,314;0,509;0,526;0,474;0,501;1,157;1,14;1,144;1,238;0,479;0,521;0,518;0,52
2090;0,438;0,682;0,589;0,683;0,225;0,199;0,208;0,208;1,144;0,65;1,159;0,795;0,592;0,462;0,522;0,929;0,778;0,853;0,757;0,475;0,409;0,497;0,342;1,378;1,375;1,383;1,389;0,588;0,588;0,592;0,584;1,744;1,722;1,745;1,744;0,722;0,744;0,753;0,758;1,16;1,661;1,075;1,312;0,509;0,526;0,474;0,5;1,157;1,14;1,144;1,206;0,478;0,52;0,518;0,521
2100;0,433;0,677;0,592;0,683;0,223;0,199;0,204;0,21;1,124;0,648;1,236;0,782;0,593;0,461;0,521;0,929;0,775;0,85;0,736;0,473;0,408;0,495;0,343;1,376;1,372;1,381;1,387;0,588;0,587;0,591;0,584;1,744;1,724;1,744;1,743;0,721;0,744;0,752;0,758;1,159;1,658;1,05;1,313;0,509;0,526;0,474;0,5;1,158;1,14;1,146;1,392;0,478;0,52;0,517;0,52
2110;0,43;0,684;0,602;0,683;0,224;0,2;0,205;0,209;1,058;0,647;1,233;0,779;0,592;0,459;0,521;0,92;0,772;0,841;0,748;0,471;0,407;0,493;0,341;1,373;1,371;1,379;1,385;0,587;0,587;0,591;0,583;1,742;1,72;1,742;1,741;0,721;0,744;0,752;0,758;1,157;1,659;1,019;1,311;0,511;0,528;0,476;0,5;1,158;1,14;1,144;1,328;0,478;0,52;0,517;0,52
2120;0,434;0,66;0,592;0,682;0,223;0,199;0,204;0,208;1,049;0,647;1,128;0,779;0,592;0,458;0,521;0,929;0,769;0,825;0,735;0,47;0,408;0,491;0,34;1,371;1,368;1,377;1,384;0,587;0,587;0,591;0,583;1,744;1,724;1,742;1,741;0,721;0,744;0,752;0,758;1,156;1,666;1,008;1,311;0,511;0,528;0,476;0,5;1,157;1,14;1,144;1,272;0,477;0,52;0,517;0,52
2130;0,429;0,667;0,587;0,682;0,224;0,198;0,203;0,209;1,018;0,643;1,138;0,778;0,592;0,458;0,52;0,926;0,766;0,814;0,746;0,469;0,408;0,489;0,339;1,369;1,365;1,374;1,381;0,587;0,586;0,59;0,583;1,742;1,725;1,741;1,739;0,72;0,743;0,751;0,757;1,155;1,658;1,009;1,308;0,51;0,528;0,478;0,499;1,156;1,14;1,143;1,263;0,477;0,52;0,517;0,52
2140;0,423;0,679;0,588;0,677;0,223;0,198;0,203;0,208;1,039;0,64;1,175;0,778;0,592;0,456;0,519;0,918;0,764;0,827;0,728;0,468;0,403;0,488;0,337;1,367;1,363;1,371;1,379;0,586;0,586;0,59;0,583;1,743;1,72;1,74;1,736;0,72;0,743;0,751;0,757;1,154;1,656;1,331;1,302;0,511;0,527;0,479;0,499;1,156;1,139;1,143;1,261;0,477;0,52;0,517;0,52
2150;0,423;0,679;0,585;0,677;0,221;0,197;0,202;0,207;1,108;0,638;1,188;0,777;0,592;0,455;0,519;0,918;0,759;0,808;0,725;0,467;0,408;0,487;0,336;1,365;1,36;1,37;1,377;0,586;0,586;0,59;0,582;1,741;1,719;1,738;1,735;0,72;0,743;0,751;0,757;1,152;1,65;1,019;1,301;0,511;0,528;0,481;0,5;1,155;1,139;1,142;1,266;0,476;0,519;0,517;0,519
2160;0,423;0,672;0,584;0,675;0,221;0,197;0,201;0,207;1,088;0,635;1,227;0,773;0,592;0,454;0,518;0,907;0,756;0,795;0,726;0,465;0,401;0,485;0,335;1,362;1,358;1,367;1,375;0,585;0,585;0,589;0,582;1,74;1,718;1,737;1,734;0,72;0,742;0,75;0,756;1,152;1,653;1,08;1,3;0,511;0,527;0,484;0,499;1,155;1,138;1,142;1,262;0,477;0,518;0,517;0,52
2170;0,424;0,661;0,586;0,676;0,223;0,196;0,202;0,208;1,111;0,635;1,232;0,781;0,592;0,453;0,517;0,91;0,753;0,825;0,723;0,464;0,4;0,485;0,335;1,36;1,355;1,365;1,373;0,585;0,585;0,589;0,582;1,741;1,719;1,736;1,732;0,719;0,742;0,75;0,756;1,152;1,647;1,126;1,298;0,511;0,527;0,485;0,499;1,155;1,137;1,141;1,099;0,476;0,518;0,517;0,519
2180;0,418;0,667;0,584;0,673;0,22;0,196;0,202;0,206;1,093;0,634;1,242;0,774;0,592;0,452;0,516;0,913;0,75;0,812;0,72;0,462;0,398;0,481;0,334;1,358;1,353;1,362;1,371;0,585;0,585;0,588;0,582;1,74;1,719;1,735;1,732;0,719;0,742;0,75;0,756;1,152;1,643;1,359;1,297;0,513;0,527;0,487;0,499;1,155;1,136;1,14;1,14;0,475;0,518;0,517;0,519
2190;0,417;0,67;0,585;0,671;0,22;0,196;0,202;0,207;1,111;0,634;1,24;0,779;0,592;0,45;0,515;0,904;0,748;0,784;0,719;0,462;0,398;0,48;0,333;1,355;1,35;1,359;1,369;0,584;0,584;0,588;0,582;1,74;1,719;1,733;1,731;0,718;0,742;0,75;0,756;1,154;1,644;1,032;1,295;0,512;0,527;0,488;0,499;1,153;1,135;1,14;1,087;0,475;0,518;0,517;0,519
2200;0,413;0,663;0,583;0,672;0,221;0,196;0,201;0,205;1,016;0,626;1,253;0,781;0,592;0,45;0,515;0,902;0,746;0,814;0,716;0,46;0,398;0,48;0,333;1,353;1,348;1,357;1,367;0,584;0,584;0,588;0,582;1,739;1,72;1,733;1,729;0,718;0,742;0,75;0,756;1,148;1,638;1,011;1,294;0,512;0,528;0,489;0,499;1,153;1,134;1,14;1,123;0,475;0,518;0,516;0,519
2210;0,415;0,653;0,581;0,67;0,221;0,198;0,201;0,205;0,742;0,63;1,262;0,774;0,592;0,449;0,514;0,902;0,744;0,804;0,715;0,459;0,396;0,477;0,332;1,35;1,345;1,354;1,365;0,584;0,584;0,588;0,581;1,739;1,721;1,732;1,729;0,718;0,741;0,75;0,755;1,152;1,644;0,994;1,292;0,513;0,527;0,492;0,499;1,153;1,133;1,139;1,032;0,475;0,518;0,517;0,519
2220;0,409;0,65;0,583;0,667;0,219;0,195;0,203;0,207;0,744;0,627;1,254;0,779;0,592;0,447;0,513;0,898;0,74;0,812;0,714;0,456;0,395;0,475;0,33;1,348;1,343;1,352;1,363;0,584;0,584;0,587;0,581;1,738;1,723;1,731;1,727;0,718;0,741;0,75;0,755;1,154;1,638;0,998;1,291;0,513;0,528;0,493;0,498;1,152;1,133;1,138;1,043;0,474;0,517;0,516;0,519
2230;0,412;0,652;0,58;0,665;0,218;0,195;0,204;0,208;0,713;0,623;1,26;0,796;0,592;0,446;0,512;0,893;0,739;0,793;0,709;0,456;0,397;0,475;0,329;1,346;1,34;1,35;1,36;0,583;0,583;0,587;0,58;1,737;1,717;1,729;1,726;0,717;0,741;0,748;0,754;1,156;1,629;0,993;1,29;0,513;0,528;0,496;0,498;1,152;1,133;1,139;1,027;0,473;0,517;0,516;0,519
2240;0,407;0,647;0,579;0,665;0,218;0,197;0,2;0,205;0,714;0,622;1,263;0,849;0,592;0,445;0,513;0,894;0,736;0,814;0,709;0,455;0,394;0,473;0,328;1,344;1,338;1,347;1,358;0,584;0,583;0,587;0,579;1,736;1,714;1,728;1,726;0,717;0,741;0,749;0,755;1,156;1,632;0,99;1,288;0,513;0,528;0,498;0,499;1,151;1,132;1,137;1,06;0,473;0,517;0,516;0,519
2250;0,403;0,646;0,576;0,662;0,217;0,195;0,203;0,204;0,714;0,621;1,259;0,792;0,591;0,444;0,512;0,905;0,734;0,756;0,708;0,453;0,393;0,471;0,327;1,341;1,335;1,345;1,356;0,583;0,583;0,586;0,579;1,736;1,715;1,727;1,724;0,717;0,741;0,749;0,754;1,158;1,626;0,992;1,288;0,512;0,527;0,5;0,498;1,15;1,131;1,136;1,059;0,472;0,516;0,516;0,519
2260;0,403;0,66;0,578;0,661;0,218;0,194;0,201;0,204;0,713;0,696;1,254;0,767;0,592;0,443;0,512;0,895;0,732;0,738;0,709;0,452;0,393;0,47;0,327;1,339;1,333;1,343;1,353;0,583;0,582;0,586;0,579;1,736;1,716;1,725;1,723;0,717;0,741;0,749;0,754;1,16;1,632;0,988;1,287;0,514;0,529;0,502;0,498;1,15;1,131;1,135;1,053;0,472;0,516;0,517;0,519
2270;0,403;0,648;0,574;0,661;0,215;0,196;0,199;0,205;0,699;0,828;1,245;0,767;0,592;0,442;0,511;0,897;0,729;0,761;0,707;0,45;0,391;0,468;0,326;1,336;1,329;1,34;1,352;0,582;0,582;0,586;0,579;1,734;1,717;1,725;1,722;0,716;0,74;0,748;0,754;1,162;1,636;1,006;1,286;0,513;0,529;0,504;0,498;1,149;1,13;1,135;0,968;0,472;0,516;0,517;0,519
2280;0,4;0,652;0,576;0,659;0,215;0,194;0,2;0,205;0,691;0,866;1,26;0,764;0,591;0,44;0,511;0,895;0,726;0,773;0,704;0,449;0,391;0,468;0,325;1,334;1,327;1,337;1,35;0,582;0,581;0,586;0,578;1,734;1,715;1,723;1,722;0,716;0,74;0,748;0,753;1,162;1,636;1,054;1,284;0,513;0,529;0,506;0,497;1,148;1,129;1,133;0,898;0,471;0,516;0,516;0,519
2290;0,403;0,643;0,572;0,657;0,216;0,194;0,199;0,204;0,688;0,9;1,301;0,77;0,592;0,439;0,51;0,902;0,724;0,75;0,723;0,448;0,391;0,466;0,323;1,331;1,325;1,334;1,347;0,582;0,581;0,586;0,578;1,732;1,716;1,722;1,722;0,716;0,74;0,748;0,753;1,161;1,627;1,059;1,283;0,513;0,527;0,51;0,498;1,149;1,128;1,133;0,862;0,471;0,515;0,516;0,519
2300;0,396;0,643;0,578;0,655;0,216;0,193;0,198;0,203;0,694;0,865;1,3;0,779;0,592;0,439;0,509;0,898;0,722;0,745;0,706;0,447;0,39;0,464;0,323;1,328;1,322;1,331;1,345;0,581;0,581;0,585;0,577;1,73;1,715;1,721;1,72;0,715;0,739;0,748;0,753;1,165;1,626;0,985;1,281;0,514;0,528;0,511;0,497;1,147;1,127;1,132;0,92;0,471;0,515;0,516;0,519
2310;0,399;0,642;0,574;0,655;0,216;0,193;0,199;0,201;0,704;0,855;1,297;0,762;0,592;0,437;0,509;0,893;0,72;0,713;0,711;0,445;0,389;0,463;0,322;1,327;1,32;1,329;1,343;0,581;0,581;0,585;0,577;1,729;1,722;1,72;1,72;0,716;0,739;0,748;0,753;1,167;1,629;1,027;1,28;0,514;0,528;0,514;0,498;1,147;1,127;1,131;0,818;0,471;0,515;0,517;0,519
2320;0,394;0,638;0,574;0,65;0,215;0,193;0,198;0,2;0,696;0,766;1,311;0,757;0,592;0,435;0,507;0,891;0,717;0,761;0,702;0,444;0,387;0,462;0,321;1,323;1,316;1,326;1,34;0,58;0,58;0,585;0,577;1,728;1,714;1,719;1,719;0,715;0,739;0,748;0,752;1,166;1,623;1,001;1,278;0,513;0,529;0,516;0,497;1,145;1,126;1,137;0,786;0,47;0,514;0,516;0,518
2330;0,396;0,645;0,57;0,651;0,214;0,194;0,197;0,204;0,681;0,767;1,304;0,769;0,591;0,434;0,507;0,889;0,716;0,744;0,701;0,443;0,387;0,461;0,321;1,321;1,314;1,324;1,339;0,58;0,58;0,583;0,577;1,726;1,718;1,719;1,718;0,714;0,738;0,748;0,752;1,172;1,629;1,007;1,276;0,514;0,528;0,519;0,499;1,145;1,125;1,129;1,049;0,469;0,514;0,517;0,519
2340;0,391;0,63;0,569;0,65;0,213;0,192;0,202;0,202;0,927;0,869;1,308;0,755;0,593;0,433;0,506;0,889;0,714;0,727;0,71;0,442;0,387;0,459;0,32;1,319;1,311;1,321;1,336;0,58;0,579;0,583;0,577;1,725;1,71;1,717;1,716;0,714;0,738;0,747;0,752;1,168;1,611;1,362;1,274;0,514;0,529;0,522;0,498;1,144;1,125;1,133;1,103;0,469;0,513;0,515;0,518
2350;0,392;0,629;0,569;0,664;0,214;0,192;0,199;0,204;0,988;0,935;1,3;0,76;0,592;0,434;0,507;0,889;0,712;0,74;0,699;0,441;0,386;0,458;0,32;1,316;1,309;1,318;1,334;0,579;0,579;0,584;0,578;1,725;1,708;1,717;1,716;0,714;0,738;0,747;0,752;1,171;1,615;0,976;1,273;0,514;0,529;0,524;0,498;1,144;1,123;1,128;1,028;0,469;0,514;0,516;0,518
2360;0,389;0,622;0,569;0,655;0,214;0,192;0,199;0,199;0,996;0,844;1,305;0,74;0,592;0,433;0,506;0,889;0,71;0,737;0,719;0,44;0,385;0,456;0,319;1,314;1,305;1,316;1,331;0,579;0,578;0,583;0,577;1,723;1,71;1,714;1,714;0,714;0,738;0,747;0,752;1,168;1,607;0,993;1,272;0,515;0,529;0,526;0,498;1,143;1,122;1,126;1,007;0,469;0,514;0,516;0,518
2370;0,386;0,637;0,57;0,653;0,213;0,191;0,196;0,2;0,937;0,925;1,286;0,737;0,592;0,432;0,506;0,888;0,709;0,759;0,693;0,439;0,383;0,456;0,318;1,311;1,303;1,314;1,328;0,578;0,58;0,583;0,576;1,722;1,705;1,714;1,713;0,713;0,737;0,747;0,751;1,173;1,611;0,981;1,269;0,515;0,529;0,528;0,498;1,142;1,121;1,126;0,96;0,468;0,513;0,515;0,518
2380;0,389;0,633;0,567;0,658;0,214;0,191;0,197;0,201;0,979;0,866;1,304;0,737;0,592;0,43;0,505;0,892;0,708;0,673;0,703;0,437;0,382;0,455;0,318;1,309;1,301;1,311;1,327;0,579;0,58;0,584;0,576;1,722;1,711;1,713;1,713;0,713;0,737;0,747;0,751;1,177;1,607;0,97;1,267;0,515;0,53;0,531;0,498;1,142;1,121;1,132;0,924;0,468;0,514;0,515;0,518
2390;0,388;0,633;0,565;0,647;0,212;0,191;0,199;0,199;1,009;0,853;1,3;0,747;0,592;0,428;0,504;0,89;0,705;0,686;0,694;0,436;0,381;0,454;0,317;1,305;1,297;1,308;1,324;0,578;0,58;0,584;0,577;1,722;1,701;1,712;1,711;0,713;0,737;0,746;0,751;1,181;1,596;0,983;1,265;0,515;0,528;0,533;0,498;1,142;1,121;1,132;0,805;0,468;0,514;0,514;0,517
2400;0,384;0,624;0,567;0,645;0,211;0,191;0,199;0,199;1,009;0,914;1,299;0,765;0,592;0,428;0,504;0,889;0,703;0,691;0,693;0,435;0,381;0,452;0,316;1,303;1,295;1,305;1,322;0,578;0,579;0,585;0,577;1,72;1,7;1,711;1,713;0,712;0,737;0,746;0,75;1,187;1,611;0,99;1,262;0,516;0,53;0,535;0,499;1,14;1,119;1,124;0,872;0,468;0,513;0,514;0,518
2410;0,383;0,621;0,564;0,638;0,213;0,191;0,197;0,201;0,996;0,846;1,312;0,742;0,592;0,427;0,504;0,884;0,702;0,747;0,709;0,434;0,38;0,451;0,316;1,299;1,292;1,302;1,32;0,579;0,579;0,584;0,576;1,718;1,707;1,71;1,71;0,712;0,736;0,746;0,75;1,185;1,601;1,202;1,26;0,515;0,529;0,537;0,499;1,14;1,119;1,122;0,78;0,467;0,513;0,514;0,517
2420;0,382;0,629;0,565;0,643;0,214;0,191;0,195;0,201;0,966;1;1,3;0,733;0,592;0,426;0,503;0,818;0,701;0,717;0,691;0,433;0,38;0,45;0,315;1,298;1,289;1,3;1,317;0,578;0,579;0,583;0,576;1,717;1,697;1,709;1,709;0,712;0,736;0,745;0,75;1,19;1,599;0,981;1,259;0,515;0,529;0,537;0,498;1,14;1,118;1,122;0,986;0,468;0,513;0,514;0,517
2430;0,375;0,627;0,563;0,65;0,21;0,191;0,197;0,199;0,995;0,941;1,306;0,743;0,592;0,426;0,503;0,813;0,7;0,715;0,69;0,431;0,38;0,449;0,315;1,294;1,287;1,298;1,315;0,578;0,579;0,584;0,576;1,716;1,706;1,708;1,709;0,712;0,736;0,745;0,75;1,185;1,594;0,962;1,257;0,515;0,53;0,54;0,499;1,139;1,117;1,122;0,911;0,467;0,513;0,514;0,517
2440;0,38;0,62;0,563;0,641;0,211;0,191;0,196;0,199;0,985;1,117;1,26;0,752;0,593;0,425;0,503;0,818;0,697;0,707;0,694;0,43;0,378;0,449;0,314;1,292;1,283;1,295;1,312;0,578;0,578;0,583;0,575;1,718;1,699;1,707;1,708;0,711;0,736;0,745;0,75;1,198;1,613;1,066;1,255;0,517;0,53;0,541;0,498;1,138;1,117;1,127;0,838;0,467;0,512;0,513;0,517
2450;0,38;0,625;0,563;0,641;0,21;0,19;0,197;0,203;0,958;1,103;1,299;0,772;0,593;0,423;0,502;0,801;0,696;0,685;0,692;0,429;0,378;0,447;0,313;1,289;1,281;1,292;1,311;0,578;0,578;0,583;0,575;1,718;1,7;1,706;1,709;0,711;0,735;0,745;0,749;1,204;1,623;0,96;1,254;0,515;0,53;0,544;0,497;1,137;1,116;1,119;0,813;0,467;0,513;0,514;0,517
2460;0,379;0,622;0,561;0,648;0,21;0,19;0,194;0,202;0,964;1,155;1,31;0,755;0,592;0,422;0,502;0,798;0,695;0,698;0,69;0,428;0,377;0,445;0,312;1,287;1,279;1,29;1,308;0,578;0,578;0,583;0,575;1,717;1,691;1,705;1,708;0,711;0,735;0,744;0,749;1,209;1,621;0,956;1,252;0,516;0,529;0,544;0,497;1,138;1,115;1,118;0,926;0,466;0,512;0,513;0,517
2470;0,375;0,612;0,562;0,639;0,209;0,19;0,195;0,2;0,98;1,13;1,307;0,743;0,592;0,421;0,501;0,807;0,695;0,7;0,686;0,428;0,377;0,445;0,312;1,283;1,276;1,287;1,305;0,577;0,577;0,583;0,575;1,716;1,694;1,705;1,708;0,71;0,735;0,744;0,749;1,214;1,618;0,958;1,25;0,516;0,53;0,546;0,497;1,137;1,115;1,125;0,709;0,466;0,512;0,514;0,518
2480;0,378;0,612;0,559;0,634;0,209;0,19;0,195;0,2;0,955;1,098;1,169;0,74;0,592;0,421;0,502;0,795;0,692;0,727;0,685;0,427;0,377;0,444;0,312;1,281;1,274;1,285;1,303;0,577;0,577;0,582;0,575;1,716;1,69;1,704;1,704;0,71;0,735;0,745;0,749;1,214;1,619;0,963;1,248;0,516;0,528;0,547;0,498;1,136;1,114;1,117;0,849;0,466;0,512;0,513;0,518
2490;0,374;0,608;0,559;0,638;0,21;0,189;0,197;0,2;0,921;1,098;1,174;0,74;0,592;0,42;0,501;0,791;0,691;0,722;0,685;0,425;0,376;0,444;0,312;1,279;1,27;1,283;1,301;0,577;0,577;0,582;0,574;1,713;1,693;1,703;1,705;0,71;0,734;0,744;0,749;1,214;0,976;0,966;1,246;0,516;0,529;0,549;0,497;1,136;1,114;1,126;0,689;0,466;0,511;0,513;0,517
2500;0,372;0,61;0,561;0,632;0,208;0,192;0,195;0,197;0,96;1,177;1,17;0,743;0,593;0,419;0,501;0,806;0,689;0,728;0,689;0,424;0,374;0,442;0,311;1,275;1,267;1,279;1,299;0,576;0,577;0,581;0,574;1,711;1,686;1,704;1,703;0,709;0,734;0,744;0,748;1,226;1,048;0,955;1,244;0,516;0,528;0,549;0,497;1,135;1,113;1,115;0,674;0,465;0,511;0,513;0,517
2510;0,37;0,609;0,556;0,629;0,209;0,189;0,197;0,197;0,927;1,017;1,155;0,738;0,593;0,418;0,501;0,791;0,688;0,727;0,693;0,423;0,373;0,441;0,31;1,273;1,265;1,276;1,296;0,576;0,576;0,581;0,573;1,708;1,685;1,7;1,705;0,709;0,734;0,744;0,748;1,223;1,008;0,951;1,242;0,517;0,529;0,551;0,496;1,135;1,112;1,115;0,672;0,465;0,511;0,513;0,517
2520;0,373;0,604;0,556;0,634;0,209;0,188;0,198;0,196;0,962;1,3;1,147;0,72;0,593;0,416;0,499;0,817;0,687;0,736;0,69;0,421;0,372;0,439;0,31;1,271;1,261;1,273;1,293;0,575;0,576;0,581;0,573;1,708;1,693;1,7;1,705;0,708;0,733;0,744;0,748;1,22;0,972;0,958;1,24;0,516;0,528;0,557;0,496;1,135;1,112;1,114;0,926;0,464;0,511;0,513;0,518
2530;0,368;0,606;0,559;0,633;0,208;0,189;0,195;0,196;0,827;1,312;1,161;0,726;0,593;0,416;0,499;0,789;0,686;0,741;0,683;0,42;0,374;0,439;0,31;1,268;1,259;1,271;1,292;0,575;0,576;0,581;0,573;1,709;1,691;1,698;1,704;0,707;0,733;0,743;0,748;1,228;0,949;0,958;1,238;0,517;0,53;0,563;0,496;1,134;1,114;1,114;0,951;0,464;0,511;0,513;0,517
2540;0,368;0,601;0,554;0,63;0,207;0,19;0,196;0,202;0,786;1,261;1,163;0,74;0,593;0,414;0,499;0,792;0,686;0,724;0,684;0,418;0,373;0,438;0,309;1,265;1,256;1,267;1,289;0,575;0,575;0,58;0,573;1,707;1,681;1,697;1,703;0,708;0,733;0,743;0,747;1,237;0,987;0,954;1,237;0,516;0,529;0,565;0,496;1,134;1,111;1,113;0,764;0,464;0,511;0,513;0,517
2550;0,37;0,611;0,553;0,631;0,208;0,189;0,194;0,196;0,851;1,32;1,155;0,733;0,593;0,415;0,499;0,79;0,726;0,719;0,684;0,418;0,372;0,437;0,309;1,263;1,253;1,266;1,286;0,574;0,575;0,58;0,573;1,71;1,687;1,696;1,703;0,708;0,733;0,742;0,747;1,242;1,052;0,959;1,236;0,518;0,528;0,568;0,496;1,133;1,111;1,113;0,893;0,468;0,51;0,512;0,516
2560;0,363;0,609;0,555;0,63;0,208;0,188;0,192;0,195;0,92;1,324;1,126;0,729;0,593;0,414;0,498;0,793;0,71;0,712;0,681;0,417;0,371;0,437;0,307;1,26;1,25;1,262;1,284;0,574;0,574;0,579;0,572;1,704;1,686;1,695;1,699;0,707;0,732;0,742;0,747;1,25;1,047;0,951;1,24;0,517;0,528;0,57;0,495;1,132;1,109;1,112;0,89;0,464;0,511;0,512;0,516
2570;0,366;0,601;0,553;0,629;0,207;0,187;0,195;0,195;0,833;1,327;1,127;0,728;0,594;0,414;0,498;0,783;0,706;0,649;0,696;0,416;0,37;0,435;0,307;1,257;1,248;1,26;1,281;0,574;0,574;0,579;0,571;1,703;1,678;1,694;1,699;0,707;0,732;0,742;0,746;1,246;1,307;0,955;1,263;0,517;0,529;0,571;0,494;1,132;1,109;1,111;0,863;0,462;0,51;0,512;0,516
2580;0,364;0,595;0,55;0,627;0,207;0,188;0,193;0,198;0,845;1,331;1,129;0,726;0,594;0,413;0,498;0,777;0,706;0,64;0,678;0,415;0,37;0,434;0,306;1,254;1,244;1,257;1,279;0,574;0,574;0,579;0,572;1,707;1,684;1,693;1,7;0,707;0,731;0,741;0,746;1,262;1,47;0,952;1,249;0,517;0,53;0,573;0,495;1,133;1,109;1,119;0,845;0,463;0,51;0,511;0,516
2590;0,36;0,596;0,554;0,629;0,206;0,189;0,194;0,195;0,837;1,326;1,116;0,722;0,594;0,412;0,497;0,778;0,701;0,639;0,697;0,415;0,369;0,433;0,307;1,251;1,242;1,254;1,278;0,574;0,574;0,578;0,571;1,705;1,684;1,692;1,7;0,707;0,731;0,741;0,746;1,26;1,471;0,937;1,245;0,517;0,529;0,574;0,495;1,131;1,108;1,11;0,835;0,462;0,51;0,512;0,516
2600;0,361;0,602;0,552;0,63;0,207;0,188;0,193;0,194;0,834;1,27;1,141;0,729;0,593;0,411;0,497;0,798;0,714;0,641;0,694;0,414;0,368;0,434;0,306;1,25;1,239;1,252;1,275;0,573;0,574;0,579;0,571;1,703;1,675;1,692;1,701;0,707;0,731;0,741;0,746;1,286;1,431;0,956;1,245;0,517;0,527;0,578;0,495;1,132;1,108;1,123;0,799;0,463;0,51;0,511;0,517
2610;0,361;0,595;0,552;0,625;0,206;0,187;0,192;0,195;0,865;1,289;1,14;0,721;0,594;0,411;0,496;0,816;0,707;0,638;0,692;0,412;0,368;0,432;0,306;1,246;1,236;1,25;1,272;0,572;0,573;0,578;0,571;1,703;1,672;1,69;1,705;0,707;0,731;0,741;0,746;1,286;1,415;0,95;1,242;0,517;0,527;0,582;0,495;1,131;1,107;1,11;0,785;0,463;0,509;0,511;0,516
2620;0,36;0,594;0,551;0,626;0,206;0,187;0,192;0,194;0,812;1,31;1,181;0,718;0,593;0,411;0,496;0,771;0,708;0,649;0,691;0,411;0,367;0,431;0,305;1,244;1,234;1,247;1,269;0,572;0,572;0,578;0,57;1,702;1,674;1,69;1,706;0,706;0,73;0,74;0,745;1,333;1,423;0,94;1,24;0,517;0,528;0,586;0,495;1,13;1,107;1,109;0,773;0,464;0,509;0,511;0,517
2630;0,359;0,588;0,549;0,625;0,205;0,192;0,193;0,194;0,84;1,286;1,107;0,717;0,594;0,41;0,497;0,77;0,703;0,64;0,685;0,41;0,367;0,431;0,305;1,242;1,23;1,244;1,267;0,572;0,572;0,578;0,57;1,7;1,672;1,689;1,706;0,705;0,73;0,741;0,745;1,397;1,437;0,934;1,237;0,518;0,528;0,588;0,495;1,131;1,107;1,109;0,772;0,463;0,508;0,511;0,516
2640;0,36;0,597;0,55;0,623;0,205;0,187;0,19;0,193;0,917;1,247;1,105;0,717;0,594;0,409;0,497;0,807;0,701;0,622;0,696;0,41;0,366;0,429;0,304;1,238;1,228;1,241;1,265;0,571;0,572;0,577;0,57;1,698;1,679;1,689;1,706;0,705;0,73;0,74;0,745;1,089;1,43;0,941;1,235;0,519;0,528;0,591;0,494;1,131;1,106;1,109;0,747;0,463;0,509;0,511;0,517
2650;0,359;0,589;0,548;0,621;0,205;0,187;0,19;0,195;0,899;1,065;1,102;0,71;0,594;0,409;0,496;0,828;0,7;0,626;0,692;0,409;0,366;0,43;0,304;1,235;1,224;1,238;1,263;0,571;0,572;0,577;0,569;1,699;1,678;1,688;1,707;0,705;0,729;0,74;0,745;1,77;1,479;0,949;1,233;0,518;0,528;0,592;0,495;1,131;1,106;1,108;0,688;0,463;0,508;0,511;0,516
2660;0,359;0,587;0,549;0,622;0,205;0,19;0,191;0,196;0,82;0,919;1,046;0,738;0,594;0,408;0,498;0,768;0,7;0,633;0,685;0,408;0,365;0,428;0,304;1,232;1,222;1,236;1,261;0,571;0,571;0,576;0,569;1,697;1,678;1,688;1,707;0,705;0,729;0,74;0,745;1,936;1,449;1,054;1,231;0,518;0,527;0,594;0,493;1,13;1,106;1,107;0,679;0,463;0,507;0,51;0,516
2670;0,357;0,583;0,545;0,622;0,205;0,187;0,189;0,194;0,788;1,146;1,314;0,719;0,594;0,408;0,496;0,767;0,698;0,627;0,686;0,407;0,365;0,427;0,303;1,23;1,219;1,233;1,259;0,57;0,571;0,576;0,569;1,696;1,668;1,687;1,708;0,704;0,728;0,739;0,744;1,923;1,456;0,927;1,227;0,518;0,528;0,597;0,493;1,13;1,105;1,109;0,645;0,462;0,507;0,511;0,517
2680;0,356;0,587;0,548;0,621;0,206;0,187;0,19;0,192;0,827;1,076;1,305;0,718;0,594;0,407;0,495;0,765;0,696;0,619;0,685;0,407;0,364;0,429;0,303;1,227;1,217;1,23;1,256;0,57;0,571;0,576;0,569;1,697;1,675;1,688;1,707;0,705;0,728;0,739;0,744;1,919;1,511;0,914;1,224;0,518;0,528;0,599;0,493;1,13;1,105;1,107;0,638;0,462;0,506;0,511;0,516
2690;0,356;0,581;0,546;0,621;0,204;0,186;0,19;0,195;0,819;1,243;1,35;0,713;0,595;0,407;0,495;0,768;0,695;0,617;0,692;0,406;0,363;0,427;0,302;1,224;1,214;1,228;1,253;0,569;0,57;0,576;0,568;1,697;1,67;1,686;1,706;0,704;0,727;0,739;0,744;1,894;1,515;0,918;1,222;0,518;0,527;0,6;0,495;1,13;1,105;1,107;0,664;0,461;0,505;0,51;0,516
2700;0,356;0,589;0,55;0,618;0,204;0,186;0,189;0,193;0,82;1,308;1,17;0,706;0,595;0,407;0,495;0,796;0,694;0,612;0,691;0,406;0,363;0,426;0,302;1,223;1,212;1,226;1,251;0,569;0,57;0,575;0,568;1,694;1,667;1,685;1,706;0,704;0,728;0,738;0,744;1,817;1,531;0,935;1,224;0,518;0,528;0,603;0,494;1,13;1,105;1,107;0,6;0,462;0,505;0,511;0,516
2710;0,353;0,58;0,545;0,62;0,204;0,186;0,189;0,192;0,807;1,307;1,351;0,713;0,595;0,406;0,495;0,821;0,692;0,617;0,676;0,404;0,363;0,425;0,301;1,22;1,208;1,223;1,248;0,569;0,57;0,575;0,568;1,695;1,674;1,684;1,706;0,704;0,727;0,738;0,744;1,091;1,564;0,923;1,219;0,519;0,528;0,606;0,494;1,13;1,106;1,106;0,564;0,461;0,505;0,51;0,516
2720;0,351;0,596;0,545;0,618;0,204;0,186;0,189;0,191;0,802;1,266;1,336;0,707;0,595;0,406;0,495;0,763;0,674;0,619;0,677;0,403;0,366;0,426;0,301;1,218;1,207;1,22;1,247;0,569;0,569;0,575;0,568;1,697;1,668;1,684;1,706;0,704;0,727;0,738;0,743;1,113;1,58;0,916;1,218;0,519;0,527;0,607;0,494;1,13;1,104;1,106;0,565;0,461;0,505;0,51;0,516
2730;0,352;0,589;0,545;0,618;0,203;0,186;0,189;0,194;0,855;1,325;1,29;0,719;0,595;0,405;0,495;0,76;0,701;0,614;0,686;0,404;0,362;0,425;0,301;1,215;1,204;1,218;1,244;0,569;0,569;0,574;0,568;1,692;1,663;1,684;1,703;0,703;0,727;0,737;0,743;1,145;1,519;0,907;1,213;0,518;0,528;0,607;0,492;1,13;1,103;1,106;0,575;0,461;0,504;0,51;0,516
2740;0,351;0,591;0,544;0,618;0,205;0,185;0,189;0,193;0,804;1,169;1,273;0,711;0,596;0,405;0,495;0,762;0,706;0,619;0,689;0,402;0,362;0,424;0,301;1,211;1,202;1,216;1,242;0,568;0,569;0,574;0,567;1,691;1,667;1,682;1,703;0,703;0,727;0,737;0,743;1,46;1,545;0,909;1,211;0,519;0,528;0,609;0,493;1,13;1,103;1,106;0,579;0,46;0,504;0,51;0,517
2750;0,353;0,584;0,545;0,621;0,203;0,19;0,189;0,193;0,789;1,14;1,275;0,708;0,595;0,405;0,495;0,812;0,661;0,616;0,675;0,401;0,361;0,423;0,3;1,209;1,199;1,214;1,239;0,567;0,568;0,574;0,567;1,69;1,67;1,682;1,702;0,702;0,726;0,737;0,743;1,175;1,519;0,925;1,208;0,519;0,528;0,61;0,493;1,129;1,103;1,106;0,565;0,46;0,504;0,51;0,516
2760;0,348;0,588;0,544;0,617;0,202;0,186;0,189;0,192;0,795;1,185;1,287;0,709;0,595;0,404;0,493;0,82;0,655;0,603;0,68;0,401;0,362;0,423;0,299;1,207;1,196;1,212;1,238;0,567;0,568;0,574;0,567;1,69;1,661;1,68;1,7;0,702;0,726;0,737;0,742;1,372;1,577;0,91;1,29;0,52;0,527;0,613;0,495;1,13;1,103;1,105;0,57;0,46;0,503;0,51;0,516
2770;0,349;0,579;0,542;0,615;0,202;0,186;0,189;0,193;0,795;1,23;1,098;0,705;0,597;0,403;0,494;0,755;0,66;0,611;0,679;0,4;0,36;0,422;0,298;1,205;1,193;1,207;1,234;0,567;0,568;0,573;0,566;1,689;1,662;1,681;1,702;0,702;0,726;0,736;0,742;1,718;1,571;0,897;1,248;0,519;0,528;0,614;0,493;1,129;1,103;1,105;0,573;0,459;0,503;0,509;0,517
2780;0,349;0,587;0,541;0,616;0,202;0,188;0,188;0,19;0,795;1,064;0,87;0,71;0,597;0,404;0,494;0,761;0,648;0,608;0,679;0,399;0,363;0,422;0,299;1,202;1,192;1,206;1,233;0,566;0,568;0,574;0,566;1,688;1,664;1,682;1,701;0,702;0,726;0,737;0,742;1,357;1,567;0,898;1,241;0,519;0,528;0,614;0,494;1,129;1,103;1,105;0,589;0,459;0,502;0,51;0,516
2790;0,348;0,587;0,544;0,615;0,201;0,185;0,188;0,194;0,796;0,891;0,765;0,706;0,597;0,402;0,494;0,753;0,682;0,607;0,681;0,399;0,359;0,421;0,297;1,2;1,189;1,205;1,23;0,566;0,567;0,572;0,566;1,692;1,659;1,684;1,699;0,701;0,725;0,736;0,742;1,836;1,484;0,903;1,238;0,52;0,528;0,618;0,493;1,129;1,102;1,105;0,57;0,459;0,501;0,51;0,516
2800;0,347;0,573;0,543;0,614;0,201;0,184;0,19;0,192;0,857;0,906;1,11;0,7;0,596;0,402;0,493;0,764;0,697;0,606;0,675;0,398;0,358;0,42;0,297;1,196;1,186;1,202;1,228;0,566;0,566;0,572;0,566;1,692;1,667;1,684;1,698;0,701;0,725;0,736;0,742;1,132;1,517;0,9;1,236;0,52;0,526;0,619;0,492;1,129;1,103;1,105;0,566;0,459;0,501;0,509;0,517
2810;0,349;0,575;0,543;0,613;0,202;0,185;0,189;0,19;0,777;0,926;1,096;0,702;0,596;0,402;0,494;0,802;0,651;0,608;0,674;0,398;0,358;0,421;0,297;1,193;1,184;1,198;1,226;0,565;0,566;0,572;0,565;1,696;1,661;1,686;1,697;0,701;0,724;0,736;0,742;1,12;1,551;1,461;1,234;0,52;0,528;0,616;0,493;1,129;1,102;1,107;0,559;0,458;0,501;0,509;0,516
2820;0,35;0,571;0,54;0,612;0,201;0,185;0,189;0,191;0,816;0,974;1,194;0,702;0,596;0,402;0,494;0,777;0,661;0,607;0,684;0,397;0,359;0,42;0,296;1,192;1,181;1,196;1,225;0,564;0,566;0,572;0,565;1,69;1,655;1,686;1,698;0,701;0,724;0,736;0,741;1,124;1,575;0,919;1,229;0,52;0,527;0,618;0,492;1,129;1,102;1,106;0,605;0,458;0,501;0,509;0,517
2830;0,345;0,57;0,539;0,61;0,201;0,185;0,188;0,192;0,846;1,115;1,197;0,703;0,596;0,401;0,494;0,772;0,662;0,604;0,683;0,397;0,357;0,42;0,296;1,188;1,178;1,194;1,222;0,564;0,566;0,572;0,565;1,692;1,656;1,685;1,694;0,7;0,724;0,735;0,741;1,15;1,553;0,901;1,226;0,52;0,527;0,622;0,493;1,129;1,102;1,105;0,576;0,458;0,5;0,508;0,516
2840;0,348;0,581;0,539;0,613;0,201;0,184;0,188;0,19;0,877;1,087;0,863;0,704;0,597;0,401;0,494;0,758;0,659;0,631;0,681;0,396;0,357;0,42;0,296;1,186;1,175;1,192;1,219;0,564;0,565;0,571;0,564;1,69;1,66;1,683;1,699;0,7;0,724;0,735;0,741;1,153;1,601;0,916;1,225;0,521;0,528;0,623;0,492;1,129;1,102;1,104;0,597;0,458;0,499;0,508;0,516
2850;0,343;0,576;0,543;0,61;0,201;0,185;0,187;0,192;0,827;1,211;0,788;0,7;0,597;0,401;0,494;0,746;0,66;0,652;0,676;0,395;0,357;0,418;0,295;1,184;1,172;1,187;1,217;0,563;0,564;0,57;0,564;1,686;1,653;1,683;1,694;0,7;0,723;0,734;0,74;1,161;1,591;0,921;1,22;0,52;0,527;0,622;0,491;1,129;1,102;1,104;0,552;0,458;0,498;0,508;0,516
2860;0,342;0,566;0,537;0,609;0,2;0,184;0,189;0,19;0,85;1,231;0,742;0,701;0,597;0,4;0,495;0,746;0,66;0,591;0,682;0,394;0,356;0,418;0,296;1,181;1,169;1,184;1,215;0,562;0,564;0,57;0,564;1,683;1,658;1,681;1,695;0,7;0,723;0,734;0,741;1,17;1,586;0,882;1,219;0,52;0,527;0,624;0,491;1,129;1,101;1,104;0,537;0,457;0,497;0,508;0,516
2870;0,341;0,57;0,54;0,611;0,2;0,184;0,188;0,189;0,841;1,156;0,721;0,712;0,597;0,4;0,494;0,747;0,668;0,59;0,678;0,394;0,356;0,417;0,295;1,178;1,167;1,184;1,212;0,562;0,564;0,57;0,563;1,687;1,651;1,684;1,695;0,699;0,723;0,734;0,74;1,174;1,594;0,903;1,23;0,52;0,526;0,623;0,492;1,129;1,101;1,104;0,543;0,457;0,497;0,506;0,516
2880;0,343;0,578;0,539;0,608;0,2;0,184;0,188;0,191;0,801;1,31;1,184;0,71;0,598;0,4;0,493;0,744;0,658;0,584;0,681;0,393;0,356;0,417;0,294;1,175;1,164;1,181;1,211;0,562;0,563;0,569;0,563;1,689;1,655;1,679;1,696;0,699;0,723;0,733;0,74;1,182;1,58;0,888;1,225;0,52;0,526;0,623;0,49;1,129;1,101;1,104;0,524;0,456;0,496;0,506;0,516